,dfx_feature_importance_mean_vs_mutual_info_score_stats,dfx_feature_importance_mean_vs_mutual_info_score_pvalue,dfx_feature_importance_mean_vs_f_score_pvalue_stats,dfx_feature_importance_mean_vs_f_score_pvalue_pvalue,dfx_feature_importance_mean_vs_random_feature_importance_mean_stats,dfx_feature_importance_mean_vs_random_feature_importance_mean_pvalue,dfx_feature_importance_mean_vs_model_feature_importance_mean_stats,dfx_feature_importance_mean_vs_model_feature_importance_mean_pvalue,dfx_feature_importance_mean_vs_permutation_feature_importance_mean_stats,dfx_feature_importance_mean_vs_permutation_feature_importance_mean_pvalue,dfx_feature_importance_mean_vs_shap_feature_importance_mean_stats,dfx_feature_importance_mean_vs_shap_feature_importance_mean_pvalue
ttest,-1.6215983844966033,0.12227426200300812,-11.051655349509264,1.8767102218427623e-09,-6.701751802014956,2.7661475130717237e-06,1.8957811275095715,0.07416121532951178,4.282790237138552,0.0004478665306572465,-1.8418797052892404,0.0820313346867781
pearson,0.26035987345930883,0.46752523757196157,-1.0,-1.0,-0.4440278153988674,0.1986026648150304,0.4549692516847638,0.18644216604603922,-1.0,-1.0,0.4522532892571229,0.1894187757835728
spearman,0.20041753698892312,0.5787761266135725,-1.0,-1.0,-0.4424242424242424,0.20042268671194224,0.29696969696969694,0.4047016712701569,-1.0,-1.0,0.309090909090909,0.3848412302612835
kendalltau,0.17638342073763935,0.5012411004865837,-1.0,-1.0,-0.37777777777777777,0.1557418430335097,0.19999999999999998,0.4843127204585538,-1.0,-1.0,0.24444444444444444,0.38071979717813054
