feature_name,shap_feature_importance,dfx_feature_importance,permutation_feature_importance,model_feature_importance,random_feature_importance
echoing,0.0,4.108650548026104e-33,0.0,0.0,0.8071282732743802
echoing green,0.0,1.0514591007110637e-32,0.0,0.0,0.7297317866938179
epsilon,0.0,1.696421062391386e-33,0.0,0.0,0.5362280914547007
iota,0.0,-4.108650548026104e-33,0.0,0.0,0.9731157639793706
lambda,0.0,-3.545050467208842e-33,0.0,0.0,0.3785343772083535
omicron,0.0,1.696421062391392e-33,0.0,0.0,0.552040631273227
pi,0.0,-5.3546122794577535e-34,0.0,0.0,0.8294046642529949
rho,0.0,5.354612279457686e-34,0.0,0.0,0.6185197523642461
sigmaf,0.0,6.048230576379827e-33,0.0,0.0,0.8617069003107772
tau,0.0,-5.199841290185525e-33,0.0,0.0,0.577352145256762
