,dfx_feature_importance_vs_random_feature_importance_stats,dfx_feature_importance_vs_random_feature_importance_pvalue,dfx_feature_importance_vs_model_feature_importance_stats,dfx_feature_importance_vs_model_feature_importance_pvalue,dfx_feature_importance_vs_permutation_feature_importance_stats,dfx_feature_importance_vs_permutation_feature_importance_pvalue,dfx_feature_importance_vs_shap_feature_importance_stats,dfx_feature_importance_vs_shap_feature_importance_pvalue
ttest,-3.1358055764178836,0.005713389578287695,0.000793115436348648,0.9993759094024058,1.6500572946499157,0.11627188962415834,0.00019825610566354666,0.9998439952387428
pearson,-0.1726562905583646,0.6333732983517063,0.9853686630537983,1.9700099308184017e-07,,,0.985430395323987,1.937116699958762e-07
spearman,-0.23636363636363633,0.5108853175152002,0.6833490732084478,0.02937668347961381,,,0.6833490732084478,0.02937668347961381
kendalltau,-0.19999999999999998,0.4843127204585538,0.5423261445466404,0.052150014561058396,,,0.5423261445466404,0.052150014561058396
