,dfx_feature_importance_mean_vs_mutual_info_score_stats,dfx_feature_importance_mean_vs_mutual_info_score_pvalue,dfx_feature_importance_mean_vs_f_score_pvalue_stats,dfx_feature_importance_mean_vs_f_score_pvalue_pvalue
ttest,-6.375404623061925,4.618511452508683e-09,-2.7928335977036594,0.006181755040546215
pearson,0.1257357307629012,0.36034894355968333,-0.18143211444450413,0.18495105883673185
spearman,0.075726083203529,0.5826689727292345,-0.08496437303433857,0.5373953271692196
kendalltau,0.05864201581268057,0.5404566579886723,-0.06675663521862345,0.472274718847253
