,dfx_feature_importance_vs_random_feature_importance_stats,dfx_feature_importance_vs_random_feature_importance_pvalue,dfx_feature_importance_vs_model_feature_importance_stats,dfx_feature_importance_vs_model_feature_importance_pvalue,dfx_feature_importance_vs_permutation_feature_importance_stats,dfx_feature_importance_vs_permutation_feature_importance_pvalue,dfx_feature_importance_vs_shap_feature_importance_stats,dfx_feature_importance_vs_shap_feature_importance_pvalue
ttest,-9.834183847606242,1.111706904453205e-16,-3.7593910984408323,0.0002768186469175389,-3.5901246264007463,0.0004987395970364314,-3.4373864699858325,0.0008351104092014827
pearson,-0.1644111149631497,0.23034045642993062,0.16295376103082404,0.2345558736749122,0.21392237869943312,0.11681896659741868,0.2561318828374866,0.05909111102124436
spearman,-0.15887445887445892,0.24663640823767732,-0.021769392169853918,0.8746486533379169,-0.02169634051827723,0.8750659334373226,-0.0081087333250127,0.9531467302770253
kendalltau,-0.10976430976430979,0.23668827842558382,-0.027392713453777275,0.7742073568382604,-0.030202222525959558,0.7517755313233261,-0.016154677165048134,0.8656525332363395
