,dfx_feature_importance_vs_random_feature_importance_stats,dfx_feature_importance_vs_random_feature_importance_pvalue,dfx_feature_importance_vs_model_feature_importance_stats,dfx_feature_importance_vs_model_feature_importance_pvalue,dfx_feature_importance_vs_permutation_feature_importance_stats,dfx_feature_importance_vs_permutation_feature_importance_pvalue,dfx_feature_importance_vs_shap_feature_importance_stats,dfx_feature_importance_vs_shap_feature_importance_pvalue
ttest,-13.187057364676438,3.0660367032773034e-24,-5.592778917678051,1.7015792320543182e-07,-2.456429374004977,0.01562570735237108,-3.9129660040535996,0.0001597780560534923
pearson,0.17679007847908898,0.1966365837301414,0.13418952051862004,0.32869549104167955,-0.0947276814349742,0.4914952287767556,-0.10861358807620033,0.42991462446878387
spearman,0.32388167388167394,0.015855958500828864,0.09928924544936786,0.4707737258945812,0.1561146665207983,0.2550454280722474,0.030313968051194837,0.8261039386468403
kendalltau,0.22962962962962966,0.013304858079691924,0.0701518704047506,0.4501860258652791,0.11450077358992068,0.21954200471107266,0.023648783606025642,0.7993444777110481
