,dfx_feature_importance_mean_vs_mutual_info_score_stats,dfx_feature_importance_mean_vs_mutual_info_score_pvalue,dfx_feature_importance_mean_vs_f_score_pvalue_stats,dfx_feature_importance_mean_vs_f_score_pvalue_pvalue,dfx_feature_importance_mean_vs_random_feature_importance_mean_stats,dfx_feature_importance_mean_vs_random_feature_importance_mean_pvalue,dfx_feature_importance_mean_vs_model_feature_importance_mean_stats,dfx_feature_importance_mean_vs_model_feature_importance_mean_pvalue,dfx_feature_importance_mean_vs_permutation_feature_importance_mean_stats,dfx_feature_importance_mean_vs_permutation_feature_importance_mean_pvalue,dfx_feature_importance_mean_vs_shap_feature_importance_mean_stats,dfx_feature_importance_mean_vs_shap_feature_importance_mean_pvalue
ttest,-12.121003556245979,1.4512276087403939e-26,-2.8384484781199477,0.004931651875100257,-29.745680464354486,1.8251723784005872e-81,-7.99013394611566,6.11875743932376e-14,-3.0364022653166707,0.0026653023387905586,-5.102595338740379,6.928337964858309e-07
pearson,-0.02161078869638288,0.8163194738638618,-0.05483447668826237,0.555352907867695,-0.042287573440948314,0.6493437041668445,0.038180993854177774,0.6814491983161994,-0.007559572990955029,0.9352471341220638,-0.016437993885272808,0.8597649243090502
spearman,0.02582381663734765,0.7813358851543594,-0.02454715957131194,0.7918942594971434,-0.012289139906288462,0.8949224907736215,0.05984098408353087,0.519772005972466,-0.052265980660337434,0.5740516875938753,0.026642659681987042,0.774584532504615
kendalltau,0.0197058615101375,0.7517539049144439,-0.019148491382679045,0.7588071374281413,-0.006808633927277996,0.9129502747904507,0.040156577670125426,0.5193760926460649,-0.032555719008827096,0.6036397187649858,0.019860834443347235,0.7499807929786328
