,dfx_feature_importance_vs_random_feature_importance_stats,dfx_feature_importance_vs_random_feature_importance_pvalue,dfx_feature_importance_vs_model_feature_importance_stats,dfx_feature_importance_vs_model_feature_importance_pvalue,dfx_feature_importance_vs_permutation_feature_importance_stats,dfx_feature_importance_vs_permutation_feature_importance_pvalue,dfx_feature_importance_vs_shap_feature_importance_stats,dfx_feature_importance_vs_shap_feature_importance_pvalue
ttest,-17.963232834331272,6.2598778989897704e-46,-8.27289824309016,9.925983297248454e-15,-2.7272464590911727,0.00687047536639686,-4.907175514987633,1.7317734310020843e-06
pearson,0.07733264528485045,0.405209999439142,0.18268375476782397,0.04770080861139437,0.009746664311869671,0.916573166575388,0.010963151430781165,0.9062054495742629
spearman,0.03450819702065964,0.7106560881518499,0.18194103641530276,0.04862823841812025,0.10674041549090099,0.24996074315043573,0.06448514348922536,0.48783670217246256
kendalltau,0.018687527162103437,0.7641443523170193,0.1220966890501425,0.05042537890096543,0.07991329817635993,0.21405605682789652,0.03800685410804477,0.5422308605894132
