,dfx_feature_importance_vs_random_feature_importance_stats,dfx_feature_importance_vs_random_feature_importance_pvalue,dfx_feature_importance_vs_model_feature_importance_stats,dfx_feature_importance_vs_model_feature_importance_pvalue,dfx_feature_importance_vs_permutation_feature_importance_stats,dfx_feature_importance_vs_permutation_feature_importance_pvalue,dfx_feature_importance_vs_shap_feature_importance_stats,dfx_feature_importance_vs_shap_feature_importance_pvalue
ttest,-13.46615528133091,5.493168181944088e-31,-0.20167738700012866,0.8403441538316629,-1.0731806539752107,0.28429553592535156,-0.4460747608103558,0.6559557218422452
pearson,0.07456970521970799,0.42224670244729196,0.027328121084228968,0.7689457944344351,0.031056205257969868,0.7384957270871939,0.025445814155414345,0.7844580416373433
spearman,0.12098137820969329,0.19189170979181605,0.04881061798759867,0.5996612140075404,0.0494001119812729,0.5952561955057077,0.051642715636425106,0.5786330587732245
kendalltau,0.08039982616253803,0.19674435588192174,0.03656320434478422,0.6088262252120781,0.03941998756845263,0.5810690662494067,0.03986043435692696,0.5768515893124369
