,dfx_feature_importance_vs_random_feature_importance_stats,dfx_feature_importance_vs_random_feature_importance_pvalue,dfx_feature_importance_vs_model_feature_importance_stats,dfx_feature_importance_vs_model_feature_importance_pvalue,dfx_feature_importance_vs_permutation_feature_importance_stats,dfx_feature_importance_vs_permutation_feature_importance_pvalue,dfx_feature_importance_vs_shap_feature_importance_stats,dfx_feature_importance_vs_shap_feature_importance_pvalue
ttest,-13.791888980040298,4.56404208617013e-32,-7.0942614088877365,1.5344698400126258e-11,-2.433404084560473,0.0157075726185302,-4.689134010526735,4.663197574766523e-06
pearson,-0.0670974699408398,0.47034348378641866,0.03145874744046871,0.7352310051280609,0.0007973820427947878,0.9931625479651227,-0.03841500569519048,0.6796036075072903
spearman,-0.08005653369561645,0.38881774434778504,0.07653045404809858,0.41011416349945007,-0.11857738493699334,0.20093740984255412,0.02416366727031689,0.7950733354290768
kendalltau,-0.05287556135013763,0.3959041672313557,0.04119826933849128,0.5088575952499205,-0.07114075905183817,0.25846759313253465,0.009284117034026203,0.8816549780593596
