,dfx_feature_importance_vs_random_feature_importance_stats,dfx_feature_importance_vs_random_feature_importance_pvalue,dfx_feature_importance_vs_model_feature_importance_stats,dfx_feature_importance_vs_model_feature_importance_pvalue,dfx_feature_importance_vs_permutation_feature_importance_stats,dfx_feature_importance_vs_permutation_feature_importance_pvalue,dfx_feature_importance_vs_shap_feature_importance_stats,dfx_feature_importance_vs_shap_feature_importance_pvalue
ttest,-16.19659529248328,4.434428639537163e-40,-2.545837960653226,0.011544328584778496,-0.8391894673499988,0.4022194912371717,-2.5489930082704784,0.011443266291071216
pearson,-0.07419037032182862,0.42461765249458905,-0.06459002725340979,0.487127745222059,-0.05032303063068208,0.5883890879921706,-0.06221611786504992,0.5033076992734187
spearman,-0.06066416136206765,0.5140348981200833,-0.11698300648029156,0.20710365421012225,-0.08302288960470869,0.3714271496690217,-0.131861991476099,0.15463093982588005
kendalltau,-0.038099377082427936,0.5407259488440184,-0.07349958439983247,0.23828194050509988,-0.0632226500131605,0.37864217708117476,-0.08451727358008349,0.17507707271152895
