,dfx_feature_importance_mean_vs_mutual_info_score_stats,dfx_feature_importance_mean_vs_mutual_info_score_pvalue,dfx_feature_importance_mean_vs_f_score_pvalue_stats,dfx_feature_importance_mean_vs_f_score_pvalue_pvalue
ttest,-12.121003556245979,1.4512276087403939e-26,-2.8384484781199477,0.004931651875100257
pearson,-0.02161078869638288,0.8163194738638618,-0.05483447668826237,0.555352907867695
spearman,0.02582381663734765,0.7813358851543594,-0.02454715957131194,0.7918942594971434
kendalltau,0.0197058615101375,0.7517539049144439,-0.019148491382679045,0.7588071374281413
