,dfx_feature_importance_mean_vs_mutual_info_score_stats,dfx_feature_importance_mean_vs_mutual_info_score_pvalue,dfx_feature_importance_mean_vs_f_score_pvalue_stats,dfx_feature_importance_mean_vs_f_score_pvalue_pvalue,dfx_feature_importance_mean_vs_random_feature_importance_mean_stats,dfx_feature_importance_mean_vs_random_feature_importance_mean_pvalue,dfx_feature_importance_mean_vs_model_feature_importance_mean_stats,dfx_feature_importance_mean_vs_model_feature_importance_mean_pvalue,dfx_feature_importance_mean_vs_permutation_feature_importance_mean_stats,dfx_feature_importance_mean_vs_permutation_feature_importance_mean_pvalue,dfx_feature_importance_mean_vs_shap_feature_importance_mean_stats,dfx_feature_importance_mean_vs_shap_feature_importance_mean_pvalue
ttest,-1.791915146114071,0.07759549038124001,-2.7844592915589224,0.0069382951552757295,-15.444829644544388,6.330042676117601e-24,-1.7008306017681598,0.0935440505240179,-1.0687448610575814,0.2889639566348788,-1.681806948317146,0.09719368118005196
pearson,-0.09277431760431881,0.5960615521768211,0.06521640655649921,0.7097365132541741,-0.09246961776313875,0.5972743308140805,-0.09059037483897389,0.6047776942273985,-0.12085220900656561,0.48922202585405067,-0.10478435080552867,0.5491382622997816
spearman,-0.1572301405528465,0.3670395011570481,0.13784408793495773,0.42972610935733435,-0.05910364145658264,0.7359223343971621,-0.04173961772263979,0.8118264037515159,-0.06171297679035382,0.7247066860823919,-0.13754464632091368,0.4307385403615732
kendalltau,-0.10502188830903195,0.3831801803719338,0.08424626738331974,0.4775264825154478,-0.038655462184873944,0.7439455285232186,-0.040370073150954214,0.7332023956326563,-0.04824933509535696,0.6889157346843893,-0.08410431906448794,0.4776153287710161
