,dfx_feature_importance_vs_random_feature_importance_stats,dfx_feature_importance_vs_random_feature_importance_pvalue,dfx_feature_importance_vs_model_feature_importance_stats,dfx_feature_importance_vs_model_feature_importance_pvalue,dfx_feature_importance_vs_permutation_feature_importance_stats,dfx_feature_importance_vs_permutation_feature_importance_pvalue,dfx_feature_importance_vs_shap_feature_importance_stats,dfx_feature_importance_vs_shap_feature_importance_pvalue
ttest,-8.178824379702647,1.0373814590881402e-11,-1.6252592696059698,0.10873363991253328,-1.1603896496007242,0.24994797831266102,-1.6828737061345571,0.09698599142837623
pearson,-0.056292437723989036,0.7480659646684068,-0.12519914873173676,0.4736113460843015,-0.021704759498589184,0.9015068085545556,0.019629627400499436,0.9108840457020988
spearman,-0.06974789915966387,0.6905315191038974,0.07508580399709078,0.6681510039938645,-0.2613531395385853,0.12938531497664957,0.04538450807937135,0.7957274175969768
kendalltau,-0.04873949579831932,0.6804555796895153,0.0336985069533279,0.7763225550746449,-0.20728972230036374,0.11749133064830988,0.005050512207535209,0.9660101191233534
