,dfx_feature_importance_vs_random_feature_importance_stats,dfx_feature_importance_vs_random_feature_importance_pvalue,dfx_feature_importance_vs_model_feature_importance_stats,dfx_feature_importance_vs_model_feature_importance_pvalue,dfx_feature_importance_vs_permutation_feature_importance_stats,dfx_feature_importance_vs_permutation_feature_importance_pvalue,dfx_feature_importance_vs_shap_feature_importance_stats,dfx_feature_importance_vs_shap_feature_importance_pvalue
ttest,-9.532029562752424,3.730163289066458e-14,-1.397829968938428,0.1667075476275583,-1.5708501791179552,0.12085928854233811,-1.411935269066318,0.16252889831275158
pearson,-0.1402506547628136,0.4216373839827474,0.03056394595071065,0.861635652778157,0.03215374984077682,0.8545132475954605,0.049008257729081225,0.7798035913126621
spearman,-0.0350140056022409,0.8417279397563098,0.0788177465834141,0.6526679752941243,0.11176614884369375,0.5226854033818196,0.11079707818897964,0.5263193712852368
kendalltau,-0.018487394957983194,0.8758629604320756,0.05586813491964593,0.6690888344586723,0.09024852563942802,0.4899341579929589,0.08595097679945526,0.5108358718207209
