,dfx_feature_importance_vs_random_feature_importance_stats,dfx_feature_importance_vs_random_feature_importance_pvalue,dfx_feature_importance_vs_model_feature_importance_stats,dfx_feature_importance_vs_model_feature_importance_pvalue,dfx_feature_importance_vs_permutation_feature_importance_stats,dfx_feature_importance_vs_permutation_feature_importance_pvalue,dfx_feature_importance_vs_shap_feature_importance_stats,dfx_feature_importance_vs_shap_feature_importance_pvalue
ttest,-8.25815405055474,7.445581451893844e-12,-0.2795210722041105,0.780693425921174,0.36244544386236227,0.7181432473179192,-0.5082899982149065,0.6128950249150196
pearson,-0.11704357423161896,0.5031135378934244,-0.060366452931797196,0.7304875527084069,-0.03657249440906182,0.8347780153593396,-0.08570995918111085,0.6244494102346413
spearman,-0.14453781512605043,0.40744091911793545,-0.019749282211047686,0.9103430081400211,-0.17491155970014807,0.31490431142207764,-0.24581553390346586,0.15462110014002703
kendalltau,-0.09243697478991597,0.43475617175843206,-0.006728345525159035,0.954695387014737,-0.11744178856881142,0.3350023129913047,-0.1715728108915554,0.14742357002988982
