,dfx_feature_importance_mean_vs_mutual_info_score_stats,dfx_feature_importance_mean_vs_mutual_info_score_pvalue,dfx_feature_importance_mean_vs_f_score_pvalue_stats,dfx_feature_importance_mean_vs_f_score_pvalue_pvalue,dfx_feature_importance_mean_vs_random_feature_importance_mean_stats,dfx_feature_importance_mean_vs_random_feature_importance_mean_pvalue,dfx_feature_importance_mean_vs_model_feature_importance_mean_stats,dfx_feature_importance_mean_vs_model_feature_importance_mean_pvalue,dfx_feature_importance_mean_vs_permutation_feature_importance_mean_stats,dfx_feature_importance_mean_vs_permutation_feature_importance_mean_pvalue,dfx_feature_importance_mean_vs_shap_feature_importance_mean_stats,dfx_feature_importance_mean_vs_shap_feature_importance_mean_pvalue
ttest,-2.2261870188613475,0.035647377731858526,-1.8112721777816874,0.08263378894382419,-2.302502204099857,0.03028615903073266,-1.6274801164138757,0.11669416678464535,-1.5189304141809952,0.14184479085738522,-1.9635836872401966,0.06126512264581459
pearson,-0.6931348541683173,0.008617363704340433,0.19498736945952022,0.5232313092015642,0.2131366306769391,0.48446308177738406,-0.7271719319590905,0.004854922576101807,-0.9751725516007194,1.5085198266924374e-08,-0.9530697603070597,4.79603659218715e-07
spearman,-0.4835164835164835,0.0941346925969393,0.4835164835164835,0.0941346925969393,-0.12637362637362637,0.680785475070949,-0.4505494505494505,0.12233188767803571,-0.5164835164835164,0.07074904067496371,-0.4835164835164835,0.0941346925969393
kendalltau,-0.33333333333333326,0.12885137496248608,0.33333333333333326,0.12885137496248608,-0.07692307692307691,0.7650248459102625,-0.30769230769230765,0.16348723839175228,-0.3846153846153845,0.07631653936341436,-0.33333333333333326,0.12885137496248608
