,dfx_feature_importance_vs_random_feature_importance_stats,dfx_feature_importance_vs_random_feature_importance_pvalue,dfx_feature_importance_vs_model_feature_importance_stats,dfx_feature_importance_vs_model_feature_importance_pvalue,dfx_feature_importance_vs_permutation_feature_importance_stats,dfx_feature_importance_vs_permutation_feature_importance_pvalue,dfx_feature_importance_vs_shap_feature_importance_stats,dfx_feature_importance_vs_shap_feature_importance_pvalue
ttest,-4.21755392971699,0.00030367046026556055,-1.930601818064645,0.06542945459521296,0.11454228811429001,0.9097608153745227,-0.9952205675707535,0.3295579011622495
pearson,0.023985372105784795,0.938005767060348,0.029197610634627946,0.9245652180537701,0.9144357985085567,1.2098087298627195e-05,0.860265079863209,0.00016123768102976034
spearman,-0.24725274725274726,0.4154051197255382,0.16483516483516483,0.590478988652005,0.7840447582300396,0.001512358816080182,0.7527472527472527,0.0029822333891698486
kendalltau,-0.2051282051282051,0.3674042836022003,0.17948717948717946,0.4353804483839206,0.6064642345586981,0.004068914527163443,0.564102564102564,0.006677354602701825
