,dfx_feature_importance_mean_vs_mutual_info_score_stats,dfx_feature_importance_mean_vs_mutual_info_score_pvalue,dfx_feature_importance_mean_vs_f_score_pvalue_stats,dfx_feature_importance_mean_vs_f_score_pvalue_pvalue
ttest,-2.446234353939949,0.02214151867824858,1.3938812504434537,0.17612664664969355
pearson,0.8350965074771769,0.00038102279794915896,-0.30529080528661623,0.3104324799109808
spearman,0.945054945054945,1.1239312789557584e-06,-0.945054945054945,1.1239312789557584e-06
kendalltau,0.846153846153846,5.202487841376731e-06,-0.846153846153846,5.202487841376731e-06
