,dfx_feature_importance_vs_random_feature_importance_stats,dfx_feature_importance_vs_random_feature_importance_pvalue,dfx_feature_importance_vs_model_feature_importance_stats,dfx_feature_importance_vs_model_feature_importance_pvalue,dfx_feature_importance_vs_permutation_feature_importance_stats,dfx_feature_importance_vs_permutation_feature_importance_pvalue,dfx_feature_importance_vs_shap_feature_importance_stats,dfx_feature_importance_vs_shap_feature_importance_pvalue
ttest,-3.823060292935494,0.0008229738799701888,-0.6307353129958528,0.5341743753940562,1.2130646500881963,0.23691006642454732,-0.5158478521786909,0.6106805748667808
pearson,-0.17832842555593303,0.5599668600033653,0.9042529479043689,2.2007753847818222e-05,0.9268869659821668,5.220371661291167e-06,0.9033205590026541,2.316984248506554e-05
spearman,-0.34065934065934067,0.2547064607541252,0.8351648351648352,0.0003802080801851202,0.8582639188933072,0.00017365306273109803,0.8351648351648352,0.0003802080801851202
kendalltau,-0.25641025641025633,0.25185761030379084,0.6410256410256409,0.0016162579704246372,0.7365895075034007,0.0012556861774512267,0.6410256410256409,0.0016162579704246372
