,dfx_feature_importance_vs_random_feature_importance_stats,dfx_feature_importance_vs_random_feature_importance_pvalue,dfx_feature_importance_vs_model_feature_importance_stats,dfx_feature_importance_vs_model_feature_importance_pvalue,dfx_feature_importance_vs_permutation_feature_importance_stats,dfx_feature_importance_vs_permutation_feature_importance_pvalue,dfx_feature_importance_vs_shap_feature_importance_stats,dfx_feature_importance_vs_shap_feature_importance_pvalue
ttest,-7.305198832537257,9.539127074996531e-09,-1.0637411210831476,0.2941591919583137,-0.23316819454464974,0.8168822648059582,-0.7485706229112847,0.45872455121781397
pearson,-0.3362948341361945,0.14713125401347546,-0.0679739623705505,0.7758400271854302,0.9808869258424381,3.0165976363381775e-14,0.8895614044417002,1.5447900345278895e-07
spearman,0.015037593984962403,0.9498276950483329,-0.0706766917293233,0.7671582206450904,0.38374444985891776,0.09485736187690699,0.20300751879699244,0.39066623935419653
kendalltau,0.0,1.0,-0.06315789473684211,0.7246362205272812,0.3191932650931591,0.05973100037248168,0.15789473684210525,0.3513948581732794
