,dfx_feature_importance_mean_vs_mutual_info_score_stats,dfx_feature_importance_mean_vs_mutual_info_score_pvalue,dfx_feature_importance_mean_vs_f_score_pvalue_stats,dfx_feature_importance_mean_vs_f_score_pvalue_pvalue
ttest,0.02902335777393751,0.9769978583423051,-3.7906753633624026,0.0005227166325902007
pearson,0.9929004129437587,4.241567343435341e-18,-0.3574258429906358,0.12182481204024964
spearman,0.7671713233486613,7.908235360248755e-05,-0.77593984962406,5.796529340653607e-05
kendalltau,0.6775567812741559,0.00012813117505611215,-0.6210526315789474,5.1769624060939744e-05
