,dfx_feature_importance_vs_random_feature_importance_stats,dfx_feature_importance_vs_random_feature_importance_pvalue,dfx_feature_importance_vs_model_feature_importance_stats,dfx_feature_importance_vs_model_feature_importance_pvalue,dfx_feature_importance_vs_permutation_feature_importance_stats,dfx_feature_importance_vs_permutation_feature_importance_pvalue,dfx_feature_importance_vs_shap_feature_importance_stats,dfx_feature_importance_vs_shap_feature_importance_pvalue
ttest,-7.0749553171734085,1.947626278657036e-08,-2.8925872548654143,0.006291247941891644,-0.013435782852090046,0.9893504132282214,-0.2729412544441301,0.7863762428911432
pearson,-0.16902498588929482,0.47622839851641713,-0.2076400952409074,0.3797085460711037,0.9397764818250084,7.944740887382717e-10,0.9356031648507394,1.4297712832818927e-09
spearman,-0.12481203007518797,0.6000744184144979,-0.4300751879699248,0.05839600708511875,0.5338345864661653,0.0153370468002174,0.5804511278195488,0.0072900732244842075
kendalltau,-0.08421052631578947,0.6307989462589766,-0.23157894736842105,0.1649764063636054,0.39999999999999997,0.013532373706902114,0.4736842105263158,0.0029943591168169765
