,dfx_feature_importance_mean_vs_mutual_info_score_stats,dfx_feature_importance_mean_vs_mutual_info_score_pvalue,dfx_feature_importance_mean_vs_f_score_pvalue_stats,dfx_feature_importance_mean_vs_f_score_pvalue_pvalue,dfx_feature_importance_mean_vs_random_feature_importance_mean_stats,dfx_feature_importance_mean_vs_random_feature_importance_mean_pvalue,dfx_feature_importance_mean_vs_model_feature_importance_mean_stats,dfx_feature_importance_mean_vs_model_feature_importance_mean_pvalue,dfx_feature_importance_mean_vs_permutation_feature_importance_mean_stats,dfx_feature_importance_mean_vs_permutation_feature_importance_mean_pvalue,dfx_feature_importance_mean_vs_shap_feature_importance_mean_stats,dfx_feature_importance_mean_vs_shap_feature_importance_mean_pvalue
ttest,-1.6871179973447388,0.09417850518321737,-3.3125281249328835,0.001222218436189349,-18.682572471415547,2.527907435962877e-37,-1.6629161391838572,0.09893899175830069,-0.6159265146340148,0.5391095554153094,-1.2901189884421584,0.19948990980899792
pearson,0.015115171548991162,0.9079556480791727,-0.24399444284937016,0.05809463784114523,-0.07827387077204997,0.5487646438357645,0.012826994785379936,0.9218421851733565,-0.05681158545338419,0.6636460892476141,-0.01332019669479357,0.9188469238821557
spearman,0.1538290716932233,0.2365520711728637,-0.1938418012041587,0.13442699603234096,-0.09375991538868322,0.4723107227421658,0.21649920676890533,0.0937632053466816,0.1092543627710206,0.40193861591516933,0.1930724484399788,0.13601017190296305
kendalltau,0.10890061612770081,0.2361788009423781,-0.13282318069150115,0.13048361236181438,-0.07868852459016393,0.37019950676998303,0.14754098360655737,0.09292094284904194,0.0721311475409836,0.4114043745668038,0.13224043715846992,0.13208120028406237
