,dfx_feature_importance_vs_random_feature_importance_stats,dfx_feature_importance_vs_random_feature_importance_pvalue,dfx_feature_importance_vs_model_feature_importance_stats,dfx_feature_importance_vs_model_feature_importance_pvalue,dfx_feature_importance_vs_permutation_feature_importance_stats,dfx_feature_importance_vs_permutation_feature_importance_pvalue,dfx_feature_importance_vs_shap_feature_importance_stats,dfx_feature_importance_vs_shap_feature_importance_pvalue
ttest,-10.346496219462963,2.5374300919932037e-18,-0.5228366204653746,0.6020519608598254,0.6523452707181542,0.5154261223958205,-0.1025200037376157,0.9185150576254977
pearson,0.0401182896889513,0.7588621977435973,0.12866253904854927,0.32304850557390474,-0.05267925073524995,0.6867963118987856,0.04172895038836408,0.7494912993628923
spearman,0.0745637228979376,0.5679254463055416,0.26213643574828127,0.041267267261673825,0.1295270346509427,0.3197805548913148,0.1665785298783712,0.19946024833671136
kendalltau,0.06120218579234973,0.4858237910912405,0.17595628415300546,0.045093788644432,0.0865756673891156,0.3253989728969122,0.10928961748633878,0.2132850930782335
