,dfx_feature_importance_mean_vs_mutual_info_score_stats,dfx_feature_importance_mean_vs_mutual_info_score_pvalue,dfx_feature_importance_mean_vs_f_score_pvalue_stats,dfx_feature_importance_mean_vs_f_score_pvalue_pvalue
ttest,-1.6871179973447388,0.09417850518321737,-3.3125281249328835,0.001222218436189349
pearson,0.015115171548991162,0.9079556480791727,-0.24399444284937016,0.05809463784114523
spearman,0.1538290716932233,0.2365520711728637,-0.1938418012041587,0.13442699603234096
kendalltau,0.10890061612770081,0.2361788009423781,-0.13282318069150115,0.13048361236181438
