,dfx_feature_importance_mean_vs_mutual_info_score_stats,dfx_feature_importance_mean_vs_mutual_info_score_pvalue,dfx_feature_importance_mean_vs_f_score_pvalue_stats,dfx_feature_importance_mean_vs_f_score_pvalue_pvalue,dfx_feature_importance_mean_vs_random_feature_importance_mean_stats,dfx_feature_importance_mean_vs_random_feature_importance_mean_pvalue,dfx_feature_importance_mean_vs_model_feature_importance_mean_stats,dfx_feature_importance_mean_vs_model_feature_importance_mean_pvalue,dfx_feature_importance_mean_vs_permutation_feature_importance_mean_stats,dfx_feature_importance_mean_vs_permutation_feature_importance_mean_pvalue,dfx_feature_importance_mean_vs_shap_feature_importance_mean_stats,dfx_feature_importance_mean_vs_shap_feature_importance_mean_pvalue
ttest,-4.1959719446541675,6.586538069143113e-05,-1.671811812844278,0.09819631844150964,-20.150186367034138,2.522904305826997e-34,7.885121434367325,9.026481810550634e-12,6.865830859807934,9.739074066793906e-10,-3.210800629783931,0.0018620851868912773
pearson,0.12771548586762388,0.4087069593820806,-0.11699953791395447,0.4494404815717008,0.15390866722469332,0.3185298627906436,0.17456902724617632,0.25706598952730597,0.06367512578967245,0.6813433182836663,0.08584717163412871,0.5795262279554506
spearman,0.2229552777029051,0.1457453153325289,-0.21770872360636562,0.15571377061588518,0.0766737138830162,0.6208235333940193,0.2319402359696413,0.12977992559825766,0.20130549832286865,0.19008448007051856,0.2105783316303873,0.17004852989685607
kendalltau,0.1651647118154674,0.1296669065803005,-0.15204938358270187,0.1477154508665335,0.07188160676532769,0.49159773393173234,0.1693122641092419,0.10556618360243154,0.15450679844318888,0.14191470574982418,0.14665456762486676,0.16242572224355434
