,dfx_feature_importance_vs_random_feature_importance_stats,dfx_feature_importance_vs_random_feature_importance_pvalue,dfx_feature_importance_vs_model_feature_importance_stats,dfx_feature_importance_vs_model_feature_importance_pvalue,dfx_feature_importance_vs_permutation_feature_importance_stats,dfx_feature_importance_vs_permutation_feature_importance_pvalue,dfx_feature_importance_vs_shap_feature_importance_stats,dfx_feature_importance_vs_shap_feature_importance_pvalue
ttest,-8.48356029009389,5.534211026724848e-13,-2.171064899374947,0.03268118090155009,-2.041251086629633,0.04429136623689398,-2.640800919632427,0.009822171867065547
pearson,0.027841283832074813,0.857626557534943,0.1006596332290152,0.5156063770760867,-0.2336788555124111,0.12684787996089464,-0.20579660016011825,0.18018091046302429
spearman,0.06723044397463002,0.6645722864467618,0.12828835230906688,0.4065908383135235,-0.15761631807783402,0.3068686715345049,-0.11312383887164086,0.4647007561050073
kendalltau,0.040169133192389,0.7007250067036618,0.0851081167515908,0.4179892329840845,-0.11022771533708245,0.2963712529039525,-0.06845393532145624,0.5164553802513407
