,dfx_feature_importance_vs_random_feature_importance_stats,dfx_feature_importance_vs_random_feature_importance_pvalue,dfx_feature_importance_vs_model_feature_importance_stats,dfx_feature_importance_vs_model_feature_importance_pvalue,dfx_feature_importance_vs_permutation_feature_importance_stats,dfx_feature_importance_vs_permutation_feature_importance_pvalue,dfx_feature_importance_vs_shap_feature_importance_stats,dfx_feature_importance_vs_shap_feature_importance_pvalue
ttest,-8.201303664579473,2.0700779098443508e-12,-1.6428165443624552,0.10407248823817855,-1.8597841790347722,0.06633491854721772,-1.9513225069856508,0.054273878099639766
pearson,-0.1861872788342714,0.2262452917125854,0.04196628882699685,0.7867924617165747,0.08757658663530128,0.5718822047134118,0.0889499935671243,0.5658448519233639
spearman,-0.20056377730796335,0.19175654918569723,0.2381554949183787,0.1195272724775044,0.24224400126890883,0.1131242796513377,0.24472630869601636,0.10936587762201505
kendalltau,-0.14587737843551796,0.16278431018020822,0.16510258597702807,0.1333982203598466,0.16972084013023164,0.12287530712730103,0.16741171305362987,0.1280527374901887
