,dfx_feature_importance_vs_random_feature_importance_stats,dfx_feature_importance_vs_random_feature_importance_pvalue,dfx_feature_importance_vs_model_feature_importance_stats,dfx_feature_importance_vs_model_feature_importance_pvalue,dfx_feature_importance_vs_permutation_feature_importance_stats,dfx_feature_importance_vs_permutation_feature_importance_pvalue,dfx_feature_importance_vs_shap_feature_importance_stats,dfx_feature_importance_vs_shap_feature_importance_pvalue
ttest,-9.798722392638236,1.1663405133541583e-15,-2.3591173018103877,0.02058410508531593,-1.998899611187533,0.04877718424771745,-3.090487856930609,0.0026924686836186026
pearson,-0.2669862141461513,0.079780628048891,-0.08154038177216436,0.5987601548647765,-0.15820990035214652,0.30502739793313477,-0.14683969875658315,0.3415266929872704
spearman,-0.30613107822410146,0.04328039228976398,0.06794953278022377,0.661199487206195,-0.044769359453570724,0.7729166918362294,-0.05317537337194676,0.731738520116721
kendalltau,-0.2029598308668076,0.05214456268260103,0.04981469527643718,0.6344248100783749,-0.03208778218193262,0.7610258790059174,-0.03934144889902076,0.7079830181410082
