,dfx_feature_importance_vs_random_feature_importance_stats,dfx_feature_importance_vs_random_feature_importance_pvalue,dfx_feature_importance_vs_model_feature_importance_stats,dfx_feature_importance_vs_model_feature_importance_pvalue,dfx_feature_importance_vs_permutation_feature_importance_stats,dfx_feature_importance_vs_permutation_feature_importance_pvalue,dfx_feature_importance_vs_shap_feature_importance_stats,dfx_feature_importance_vs_shap_feature_importance_pvalue
ttest,-7.286803657593107,1.4308347203442322e-10,-1.3897314255325126,0.16819763989605424,-1.2404605945956,0.2181786647810788,-1.7033066080118502,0.09212211766477524
pearson,-0.09017257068364636,0.5604954776675555,0.26505207386358115,0.08207135572617597,0.29528035790397145,0.051664929644716334,0.3138853776073089,0.037995605228880416
spearman,-0.12741367159971811,0.40982437282740425,0.20056422476785715,0.19175553733989542,0.23701220178503604,0.12136581278401071,0.2294781952864301,0.13401830671391926
kendalltau,-0.1014799154334038,0.3315636259586823,0.12965113949444743,0.21683301113819753,0.161211799243456,0.12983143431972743,0.14027828207595952,0.18147665044568795
