,dfx_feature_importance_vs_random_feature_importance_stats,dfx_feature_importance_vs_random_feature_importance_pvalue,dfx_feature_importance_vs_model_feature_importance_stats,dfx_feature_importance_vs_model_feature_importance_pvalue,dfx_feature_importance_vs_permutation_feature_importance_stats,dfx_feature_importance_vs_permutation_feature_importance_pvalue,dfx_feature_importance_vs_shap_feature_importance_stats,dfx_feature_importance_vs_shap_feature_importance_pvalue
ttest,-10.651147740366135,5.745079797016211e-13,-0.3258552391502155,0.7463215735911233,-0.06543460518730716,0.9481710147350821,-0.2997885891939584,0.7659722040201774
pearson,-0.16839763567106752,0.4778907791480779,0.9505285978709347,1.407915424761836e-10,0.9400475055969143,7.636327885193392e-10,0.9443179654266949,3.9893001243967174e-10
spearman,-0.19248120300751878,0.4162064734197989,0.3930727349227004,0.08643909260151579,0.39006068331409727,0.08909461948966031,0.39006068331409727,0.08909461948966031
kendalltau,-0.1368421052631579,0.4222502818286718,0.302396842356827,0.06389620048311595,0.29178642683553485,0.07379387264249991,0.29178642683553485,0.07379387264249991
