,dfx_feature_importance_vs_random_feature_importance_stats,dfx_feature_importance_vs_random_feature_importance_pvalue,dfx_feature_importance_vs_model_feature_importance_stats,dfx_feature_importance_vs_model_feature_importance_pvalue,dfx_feature_importance_vs_permutation_feature_importance_stats,dfx_feature_importance_vs_permutation_feature_importance_pvalue,dfx_feature_importance_vs_shap_feature_importance_stats,dfx_feature_importance_vs_shap_feature_importance_pvalue
ttest,-6.938322339190626,2.980593398278672e-08,-1.314794836354196,0.19645886139956475,-0.5143986023509471,0.6099522670588743,-1.0082468449860078,0.3197132753372919
pearson,-0.11540506584927765,0.6280313847106934,-0.0616689004459579,0.7961915378097361,0.9437078530559792,4.3905050342171626e-10,0.8626259028654413,9.94323830907933e-07
spearman,0.010526315789473682,0.9648685868194993,-0.02857142857142857,0.9048224147367736,0.21129249061057817,0.37119251632282513,0.05563909774436089,0.8157739948259723
kendalltau,-0.010526315789473684,0.9744669029388738,-0.052631578947368425,0.7732194749063225,0.15959663254657955,0.3465065700374794,0.0,1.0255330970611263
