feature_name,shap_feature_importance,dfx_feature_importance,permutation_feature_importance,model_feature_importance,random_feature_importance
Mg,1.1431929443179385,0.05132139918360317,4.407500000000001,1.0031438716549606,0.06465333746090207
Ca,0.32485380582207457,0.008308372018113625,0.8887499999999999,0.3541002754473001,0.6198453884992757
Na,0.3163242790677967,0.006985523299697122,0.019999999999999973,0.5417743723914898,0.7542970937584651
Al,0.22355780586094495,0.018846376268402187,0.125,0.6648991837340942,0.06278297673108457
K,0.10857803848686061,0.006091423424798373,0.13124999999999995,0.4026908545907071,0.732914180013567
Ba,0.07777619161086126,0.006089143450452057,-0.032500000000000015,0.25180984353665165,0.8177035110450892
Si,0.04190410409566046,-0.000524630075513222,0.008749999999999947,0.07523811648540506,0.3442232527039457
Fe,0.010136976860104197,-0.00026846649607701646,-0.008750000000000036,0.12693037232874269,0.07995161171283582
RI,3.998443939150576e-05,-0.0003106911082584076,0.0,0.01856570625063542,0.25166817219144944
