feature_name,shap_feature_importance,dfx_feature_importance,permutation_feature_importance,model_feature_importance,random_feature_importance
Mg,0.05741816916535123,0.05705555555555556,0.8550000000000001,0.16323151040915607,0.46076299720259684
RI,0.04354169427270577,0.03046875000000002,0.42749999999999994,0.16433481446510625,0.6261263785186733
Al,0.03989691332391538,0.01537847222222224,0.1625,0.13937898598667392,0.8734014356948482
Ca,0.0390275399553572,0.057055555555555575,0.16999999999999998,0.14943667278045594,0.12197839510564812
Ba,0.025702854958559857,0.03227083333333335,0.013749999999999998,0.07210825346948077,0.7041476304733376
Na,0.02215645069435138,0.03285416666666668,0.28250000000000003,0.10448078577850299,0.8713493791901301
K,0.01733468955002002,0.030468750000000013,0.12625000000000003,0.07471526760332524,0.10583273777786772
Si,0.0155024793054617,-0.015378472222222231,0.22749999999999998,0.08760588744182397,0.7861316328118597
Fe,0.010874566980620056,0.014409722222222239,0.03,0.04470782206547497,0.19952131001652895
