feature_name,shap_feature_importance,dfx_feature_importance,permutation_feature_importance,model_feature_importance,random_feature_importance
Mg,0.7488370140147489,0.044048948848900864,3.4887500000000005,0.6570992807565629,0.26243730431161016
Ca,0.32151533185829645,0.008023330098197383,0.49624999999999997,0.3504612398905028,0.48044880755576036
Na,0.2849254976415808,0.00914509597610732,0.47124999999999984,0.48799710574860966,0.06587881273926144
Si,0.22248024053793655,0.0020472842985356974,0.19999999999999996,0.3994595425565412,0.4507869508721867
Al,0.2024042102275263,0.011060263595033893,0.1899999999999999,0.6019847692025356,0.8397251763870118
K,0.11798687488107762,6.317771325994176e-05,0.27499999999999997,0.4375860545878032,0.7421926469427746
Ba,0.08761927779711036,0.003962996715957077,0.06374999999999993,0.2836780276318348,0.49969493076389404
Fe,0.010877179098758597,0.00011888323543648299,0.007499999999999951,0.13619883047436046,0.763412479229923
RI,8.67898019401404e-06,-0.011060263595033893,0.0,0.004029852594891651,0.6781955507345206
