feature_name,shap_feature_importance,dfx_feature_importance,permutation_feature_importance,model_feature_importance,random_feature_importance
Si,1.8878178480647333e-08,-4.491442814470253e-06,-1,-1,0.36956754002964254
Na,1.4451214253378513e-08,-1.4165318053629351e-05,-1,-1,0.7247567502659163
Mg,8.41334743026011e-09,-1.1883215564820198e-05,-1,-1,0.807124284569282
K,5.602200702691217e-09,-1.726363682084644e-05,-1,-1,0.9704307054990756
Al,3.5706495423756647e-09,-3.8503198367026446e-05,-1,-1,0.864097536564868
Ca,2.553120872035196e-09,-1.5432604899012465e-05,-1,-1,0.06312499208532107
Ba,1.9206512926207883e-09,1.2043785924714525e-06,-1,-1,0.44707820840186263
Fe,1.8204220614514289e-09,-1.204378592471414e-06,-1,-1,0.41700057868741336
RI,7.812490262546485e-11,-4.311143938044253e-07,-1,-1,0.28189712271911826
