feature_name,shap_feature_importance,dfx_feature_importance,permutation_feature_importance,model_feature_importance,random_feature_importance
Mg,1.727624142174405e-08,-1.001230492774054e-05,-1,-1,0.07577975979595264
Na,1.539892115704835e-08,-5.1347422413526393e-05,-1,-1,0.7028680947547147
Al,8.151998832050435e-09,2.296819972494625e-06,-1,-1,0.18704805410367475
Ba,5.271090522737531e-09,3.6329887289968425e-05,-1,-1,0.6352969246807724
K,4.178183630627021e-09,-1.0012304927740549e-05,-1,-1,0.9919804128089215
Si,4.0747453117704434e-09,1.001230492774054e-05,-1,-1,0.3214054462036955
Ca,2.9755589193857416e-09,9.19337229182383e-06,-1,-1,0.16242357637485838
Fe,1.5846244727266074e-09,-3.0259006760205084e-06,-1,-1,0.5923082031065188
RI,2.490570737704734e-11,1.2246633155416883e-07,-1,-1,0.6999670201838784
