feature_name,shap_feature_importance,dfx_feature_importance,permutation_feature_importance,model_feature_importance,random_feature_importance
Mg,0.05489644087278338,0.06805555555555558,1.0012500000000002,0.15902081153078929,0.09484620404533561
Al,0.040308729646539865,0.05915972222222223,0.12875,0.13515049927245296,0.3912916442177312
RI,0.03916445800151509,0.03904861111111113,0.40750000000000003,0.15964475316559099,0.5929371636066059
Ba,0.031279099451615874,0.03265277777777779,0.22875,0.08750579669911167,0.3922318976992095
Ca,0.030357178741254997,0.04679166666666668,0.03,0.1268370810625645,0.021680671701747367
Na,0.027859529942128074,0.024374999999999994,0.09125,0.10883016994967531,0.18390961898113622
K,0.020849835669172628,0.021034722222222208,0.15499999999999997,0.09296460264314926,0.3373152181339002
Si,0.01936895198809834,0.013659722222222205,0.1075,0.09165504365068862,0.14989982747204655
Fe,0.00834466210177786,0.004618055555555562,0.035,0.03839124202597744,0.30352213106884174
