feature_name,shap_feature_importance,dfx_feature_importance,permutation_feature_importance,model_feature_importance,random_feature_importance
Mg,0.09060335895247398,0.11927083333333328,3.3287500000000003,0.18355105066634025,0.8406785135419896
Al,0.07305408405467081,0.05399305555555561,0.875,0.15705319112756386,0.3629400627555823
Ba,0.057880846297893127,0.04322916666666667,1.135,0.14760526520455902,0.475087332268214
Ca,0.047646576848606605,0.09184027777777785,0.44000000000000006,0.12129854156361214,0.8282545093194918
Si,0.03589386274279281,-0.0015625000000000777,0.52,0.13509957411309767,0.9092456051371993
K,0.030920112152115452,0.0022569444444444967,0.715,0.09416488219395444,0.5834485210814709
Na,0.027641160595028174,0.024131944444444487,0.33749999999999997,0.05660402966944223,0.21301185568840675
RI,0.024314267272688126,0.0005208333333333309,0.63,0.07897147743235816,0.15060293643144207
Fe,0.008013182768218212,0.010937500000000003,0.12875,0.025651988029072252,0.7036032168210893
