feature_name,shap_feature_importance,dfx_feature_importance,permutation_feature_importance,model_feature_importance,random_feature_importance
Mg,0.09249961342015997,0.10069444444444453,3.2087500000000007,0.19666206677008832,0.11352527158712933
Al,0.07302482402083989,0.08125000000000004,0.875,0.15876332366283533,0.810755082432373
Ba,0.05789524304269732,0.06458333333333337,1.02875,0.14760526520455902,0.37338829088925696
Ca,0.04319523724955203,0.109375,0.4925,0.09681762255325838,0.0744146270834447
K,0.039387859818661906,-0.0072916666666666755,0.6487499999999999,0.12206606627485118,0.10704960855067536
Si,0.0329078928944028,0.004166666666666659,0.39,0.11229780697614455,0.8062266540681076
RI,0.03200558056977883,0.024305555555555563,0.50625,0.11873205887742015,0.318613923054033
Na,0.019814946248419195,0.00555555555555554,0.18624999999999997,0.04705578968084311,0.50879128199681
Fe,0.0,0.005555555555555595,0.0,0.0,0.15400612780383827
