feature_name,shap_feature_importance,dfx_feature_importance,permutation_feature_importance,model_feature_importance,random_feature_importance
Mg,1.857291130962454e-08,1.9368935479885228e-05,-1,-1,0.9487617744995449
Ca,1.7478099092025664e-08,-1.2516864161523427e-05,-1,-1,0.015955534740255684
Na,1.2751015389600412e-08,-2.4467704093287774e-05,-1,-1,0.7114081814347346
Al,7.432142776422397e-09,7.5894951199481015e-06,-1,-1,0.0830726947986472
Si,4.795730318286461e-09,-4.24601085898211e-06,-1,-1,0.6028125582901456
K,2.67085593752718e-09,2.6266659713407843e-07,-1,-1,0.7993176690842948
Ba,2.0701962735670264e-09,1.235951721254245e-05,-1,-1,0.8910476981872524
Fe,8.554075216340462e-10,1.8547470163972496e-06,-1,-1,0.41773866110817937
RI,4.1852972889339177e-11,1.5983539116053016e-06,-1,-1,0.3206985838141252
