feature_name,shap_feature_importance,dfx_feature_importance,permutation_feature_importance,model_feature_importance,random_feature_importance
Mg,1.1431929443179385,0.05169522672412052,4.2225,1.0031438716549606,0.38429050100685636
Ca,0.32485380582207457,0.008161570294116335,0.9512499999999999,0.3541002754473001,0.6939696088914072
Na,0.3163242790677967,0.006280370738653383,0.061249999999999936,0.5417743723914898,0.15671934678890898
Al,0.22355780586094495,0.01735242845585865,0.08374999999999999,0.6648991837340942,0.5175008582456694
K,0.10857803848686061,0.002709934721957803,0.13125,0.4026908545907071,0.4429803417908802
Ba,0.07777619161086126,0.004395371923850672,-0.06000000000000001,0.25180984353665165,0.3859706712319918
Si,0.04190410409566046,0.0008209736204537882,0.0012499999999999734,0.07523811648540506,0.18031523334383426
Fe,0.010136976860104197,0.0014232792610629336,-0.011250000000000027,0.12693037232874269,0.6669935373391269
RI,3.998443939150576e-05,-0.0010356723692520771,0.0,0.01856570625063542,0.551693073585068
