feature_name,shap_feature_importance,dfx_feature_importance,permutation_feature_importance,model_feature_importance,random_feature_importance
Mg,1.1431929443179385,0.0512964301088993,4.1825,1.0031438716549606,0.44893106815333605
Ca,0.32485380582207457,0.008001771442001539,0.845,0.3541002754473001,0.7597650636486216
Na,0.3163242790677967,0.007350819802258,-0.007500000000000062,0.5417743723914898,0.3066361193590863
Al,0.22355780586094495,0.017812902706415442,0.15750000000000003,0.6648991837340942,0.4329496721738415
K,0.10857803848686061,0.003978774740255482,0.10124999999999998,0.4026908545907071,0.749997623228257
Ba,0.07777619161086126,0.004313829716429363,-0.01875000000000009,0.25180984353665165,0.4580875237242171
Si,0.04190410409566046,-0.00035197863833467957,-0.015000000000000036,0.07523811648540506,0.04045573825267357
Fe,0.010136976860104197,-0.0016304801456994763,0.006249999999999955,0.12693037232874269,0.08024418602078298
RI,3.998443939150576e-05,-0.0016202078230382036,0.0,0.01856570625063542,0.238803928349278
