feature_name,shap_feature_importance,dfx_feature_importance,permutation_feature_importance,model_feature_importance,random_feature_importance
Mg,0.0933650889514231,0.11614583333333338,3.1025,0.197024822156358,0.46362385800989214
Al,0.0729959585228667,0.09114583333333326,0.8225,0.11886023117316738,0.8990895708232565
Ba,0.05617937127905347,0.09348958333333333,0.7025,0.14760526520455902,0.4195971634211697
Ca,0.042841417522104304,0.09348958333333329,0.38875000000000004,0.10952146424384657,0.7505520834443283
Si,0.03904774880953005,0.005729166666666614,0.44749999999999995,0.13908988336206446,0.45217640811715154
K,0.03429529750110748,-0.002604166666666662,0.60375,0.10885695815338733,0.14208289040520183
Na,0.029276319782701905,0.047048611111111104,0.34125,0.07655557591427621,0.9722760647776848
RI,0.02927055820551644,0.027256944444444445,0.5725,0.09393513711598364,0.8464816059560561
Fe,0.0024435979275928,0.01197916666666666,0.06000000000000001,0.008550662676357419,0.024479820380819972
