,dfx_feature_importance_mean_vs_mutual_info_score_stats,dfx_feature_importance_mean_vs_mutual_info_score_pvalue,dfx_feature_importance_mean_vs_f_score_pvalue_stats,dfx_feature_importance_mean_vs_f_score_pvalue_pvalue,dfx_feature_importance_mean_vs_random_feature_importance_mean_stats,dfx_feature_importance_mean_vs_random_feature_importance_mean_pvalue,dfx_feature_importance_mean_vs_model_feature_importance_mean_stats,dfx_feature_importance_mean_vs_model_feature_importance_mean_pvalue,dfx_feature_importance_mean_vs_permutation_feature_importance_mean_stats,dfx_feature_importance_mean_vs_permutation_feature_importance_mean_pvalue,dfx_feature_importance_mean_vs_shap_feature_importance_mean_stats,dfx_feature_importance_mean_vs_shap_feature_importance_mean_pvalue
ttest,-0.04208643710899615,0.9668931290427879,-8.420396037826741,1.1728389011590107e-07,-4.740497984424232,0.00016330933619594954,-0.4121533879760126,0.6850939222124418,2.4743310042874676,0.023528674756804084,-0.0012284229617194895,0.9990333726132978
pearson,0.8749971464398882,0.0009161739558127579,-1.0,-1.0,-0.6659818118219787,0.03552271656404065,0.8618729896247298,0.00134347163789998,-1.0,-1.0,0.8731902446754882,0.0009681037843173833
spearman,0.648649304898973,0.042470168282223976,-1.0,-1.0,-0.6606060606060605,0.03758837757140939,0.4545454545454545,0.186904810349332,-1.0,-1.0,0.5272727272727272,0.11730806555020223
kendalltau,0.5443310539518174,0.041932390923852945,-1.0,-1.0,-0.5555555555555555,0.02860945767195767,0.3333333333333333,0.21637345679012346,-1.0,-1.0,0.37777777777777777,0.1557418430335097
