feature_name,shap_feature_importance,dfx_feature_importance,permutation_feature_importance,model_feature_importance,random_feature_importance
echoing,0.0,2.543450339254255e-33,0.0,0.0,0.8071282732743802
echoing green,0.0,-6.23220351658184e-34,0.0,0.0,0.7297317866938179
epsilon,0.0,9.813071621401606e-34,0.0,0.0,0.5362280914547007
iota,0.0,-2.924732804719096e-33,0.0,0.0,0.9731157639793706
lambda,0.0,-9.926511788662396e-33,0.0,0.0,0.3785343772083535
omicron,0.0,9.81307162140165e-34,0.0,0.0,0.552040631273227
pi,0.0,-4.750311857212035e-33,0.0,0.0,0.8294046642529949
rho,0.0,4.7503118572120326e-33,0.0,0.0,0.6185197523642461
sigmaf,0.0,8.881110602961721e-34,0.0,0.0,0.8617069003107772
tau,0.0,8.564949136757905e-33,0.0,0.0,0.577352145256762
