feature_name,shap_feature_importance,dfx_feature_importance,permutation_feature_importance,model_feature_importance,random_feature_importance
echoing,0.0,2.543450339254255e-33,0.0,0.0,0.8758529403781941
echoing green,0.0,5.9762926623187945e-33,0.0,0.0,0.26338905075109076
epsilon,0.0,2.4615662063636836e-32,0.0,0.0,0.5005861130502983
iota,0.0,-2.551619801378543e-32,0.0,0.0,0.17865188053013137
lambda,0.0,1.5231772592008646e-33,0.0,0.0,0.9126278393448205
omicron,0.0,-3.6134874246651886e-32,0.0,0.0,0.8705185698367669
pi,0.0,6.814258195969815e-33,0.0,0.0,0.2984447914486329
rho,0.0,3.904496154526841e-33,0.0,0.0,0.6389494948660052
sigmaf,0.0,-3.904496154526844e-33,0.0,0.0,0.6089702114381723
tau,0.0,-1.2900435734543296e-32,0.0,0.0,0.1528392685496348
