,dfx_feature_importance_vs_random_feature_importance_stats,dfx_feature_importance_vs_random_feature_importance_pvalue,dfx_feature_importance_vs_model_feature_importance_stats,dfx_feature_importance_vs_model_feature_importance_pvalue,dfx_feature_importance_vs_permutation_feature_importance_stats,dfx_feature_importance_vs_permutation_feature_importance_pvalue,dfx_feature_importance_vs_shap_feature_importance_stats,dfx_feature_importance_vs_shap_feature_importance_pvalue
ttest,-2.7520365747916107,0.013115224173968288,-1.7100330198853353,0.10444112757374546,3.4243557046427853,0.003023862156878005,-0.2900353283366032,0.7751039378932378
pearson,-0.03990485851405828,0.9128469926302808,0.9469942232109718,3.238733314037303e-05,,,0.9585717499617201,1.2257685663307825e-05
spearman,0.04242424242424241,0.907363817812816,0.8024353176576852,0.005211461766706417,,,0.8024353176576852,0.005211461766706417
kendalltau,-0.022222222222222223,1.0,0.7191465199607916,0.004057136032371292,,,0.7191465199607916,0.004057136032371292
