,dfx_feature_importance_vs_random_feature_importance_stats,dfx_feature_importance_vs_random_feature_importance_pvalue,dfx_feature_importance_vs_model_feature_importance_stats,dfx_feature_importance_vs_model_feature_importance_pvalue,dfx_feature_importance_vs_permutation_feature_importance_stats,dfx_feature_importance_vs_permutation_feature_importance_pvalue,dfx_feature_importance_vs_shap_feature_importance_stats,dfx_feature_importance_vs_shap_feature_importance_pvalue
ttest,-2.639115602624085,0.01666769463876124,0.21623625489229903,0.8312352284750305,1.856558243265371,0.07981833652979232,0.21559963792276376,0.8317240129006758
pearson,-0.33312052874022174,0.34692052793549977,0.9798498710469143,7.03961820585216e-07,,,0.9798501644036572,7.039210764581546e-07
spearman,-0.24848484848484845,0.48877630451924314,0.6833490732084478,0.02937668347961381,,,0.6833490732084478,0.02937668347961381
kendalltau,-0.24444444444444444,0.38071979717813054,0.5423261445466404,0.052150014561058396,,,0.5423261445466404,0.052150014561058396
