,dfx_feature_importance_vs_random_feature_importance_stats,dfx_feature_importance_vs_random_feature_importance_pvalue,dfx_feature_importance_vs_model_feature_importance_stats,dfx_feature_importance_vs_model_feature_importance_pvalue,dfx_feature_importance_vs_permutation_feature_importance_stats,dfx_feature_importance_vs_permutation_feature_importance_pvalue,dfx_feature_importance_vs_shap_feature_importance_stats,dfx_feature_importance_vs_shap_feature_importance_pvalue
ttest,-3.202662684280932,0.004933525842379432,0.0756489457369714,0.9405328475941026,3.756786620897945,0.0014439443493345055,0.15606295812665316,0.8777203471498021
pearson,-0.19370009157259263,0.5918241764226022,0.9861329360839015,1.591002387951099e-07,,,0.9820005052420673,4.4937379527204026e-07
spearman,-0.1515151515151515,0.6760651759978538,0.9757575757575757,1.4675461874042197e-06,,,0.9757575757575757,1.4675461874042197e-06
kendalltau,-0.15555555555555553,0.6006536596119929,0.911111111111111,2.9761904761904762e-05,,,0.911111111111111,2.9761904761904762e-05
