,dfx_feature_importance_vs_random_feature_importance_stats,dfx_feature_importance_vs_random_feature_importance_pvalue,dfx_feature_importance_vs_model_feature_importance_stats,dfx_feature_importance_vs_model_feature_importance_pvalue,dfx_feature_importance_vs_permutation_feature_importance_stats,dfx_feature_importance_vs_permutation_feature_importance_pvalue,dfx_feature_importance_vs_shap_feature_importance_stats,dfx_feature_importance_vs_shap_feature_importance_pvalue
ttest,-12.436747249351292,2.543151685321511e-23,-1.1035714899032276,0.27198717519474547,-0.22351747401783356,0.8235128520431997,-0.8550939997977398,0.3942031321420856
pearson,0.03582369619007822,0.7840141611548359,0.04394805047732586,0.7366395229581579,0.05417458402617645,0.6783846658800999,0.023147474345839476,0.8594525230021122
spearman,0.034426229508196717,0.7922476766974528,0.07313590692755155,0.5753814853008443,0.054994185435509484,0.6737906223328656,0.051189846641988355,0.6952123392965744
kendalltau,0.03169398907103825,0.7181524837257922,0.05355191256830601,0.5419640632753032,0.03956103673069855,0.6539417766288264,0.03278688524590164,0.7088694503910515
