,dfx_feature_importance_vs_random_feature_importance_stats,dfx_feature_importance_vs_random_feature_importance_pvalue,dfx_feature_importance_vs_model_feature_importance_stats,dfx_feature_importance_vs_model_feature_importance_pvalue,dfx_feature_importance_vs_permutation_feature_importance_stats,dfx_feature_importance_vs_permutation_feature_importance_pvalue,dfx_feature_importance_vs_shap_feature_importance_stats,dfx_feature_importance_vs_shap_feature_importance_pvalue
ttest,-9.476925062018157,3.03458658312548e-16,-0.4507369881321998,0.6529924933348301,0.6983266660089805,0.486323999731455,-0.03897820732739273,0.9689725361868864
pearson,-0.12505773974880477,0.336902973633658,0.0472043923266676,0.7179107532390803,0.028121363078078974,0.8296631589704084,0.09381878555865639,0.4720314281673477
spearman,-0.08614489687995767,0.5091749714548486,0.2439978847170809,0.05809098528627704,-0.006373216690665005,0.961120823998799,0.2538339502908514,0.048387060532597635
kendalltau,-0.06010928961748633,0.49364647369666403,0.1628415300546448,0.06367786819057088,0.0043835780956514225,0.9602868646085395,0.17267759562841528,0.04924768536292639
