,dfx_feature_importance_vs_random_feature_importance_stats,dfx_feature_importance_vs_random_feature_importance_pvalue,dfx_feature_importance_vs_model_feature_importance_stats,dfx_feature_importance_vs_model_feature_importance_pvalue,dfx_feature_importance_vs_permutation_feature_importance_stats,dfx_feature_importance_vs_permutation_feature_importance_pvalue,dfx_feature_importance_vs_shap_feature_importance_stats,dfx_feature_importance_vs_shap_feature_importance_pvalue
ttest,-13.348786066186799,1.787171649713537e-25,-2.0172717530316246,0.04589855443319051,-0.8977220425985575,0.3711313730353649,-1.5840739701635875,0.11580881330713122
pearson,0.04781936920079253,0.7143918095346734,-0.09444173998185076,0.46908141964267336,0.09056129374235677,0.48761827768895477,0.005035754885007501,0.9692754245092906
spearman,-0.019407720782654677,0.8819819359095687,-0.2906398730830248,0.02306820561328986,-0.04704544602777196,0.718821208397436,-0.2628239026969857,0.040718699887255176
kendalltau,-0.009836065573770491,0.9108135231618135,-0.2153005464480874,0.01421324251962818,-0.03397273024129852,0.6995704184525948,-0.19562841530054642,0.025893623382006084
