,dfx_feature_importance_vs_random_feature_importance_stats,dfx_feature_importance_vs_random_feature_importance_pvalue,dfx_feature_importance_vs_model_feature_importance_stats,dfx_feature_importance_vs_model_feature_importance_pvalue,dfx_feature_importance_vs_permutation_feature_importance_stats,dfx_feature_importance_vs_permutation_feature_importance_pvalue,dfx_feature_importance_vs_shap_feature_importance_stats,dfx_feature_importance_vs_shap_feature_importance_pvalue
ttest,-12.176146352802139,1.059344258384704e-22,-1.6990651665675773,0.09189799590976844,-1.9485730950082594,0.05368063235493842,-1.7833934921092371,0.07705017560267254
pearson,0.07457284769272968,0.5678779419578955,0.21233121012468498,0.10041519891279792,0.32634209006167336,0.01026490169821706,0.28862554948948244,0.024080297542857263
spearman,0.11893178212585932,0.3612866650977308,-0.050268420885184927,0.7004374070187023,-0.04918327199373518,0.7066086297619549,-0.04422667077352327,0.7350308887102166
kendalltau,0.07868852459016393,0.37019950676998303,-0.047029923317219245,0.595950653150312,-0.043734672108039836,0.6221372211897492,-0.040390404731258885,0.648838575033127
