,dfx_feature_importance_mean_vs_mutual_info_score_stats,dfx_feature_importance_mean_vs_mutual_info_score_pvalue,dfx_feature_importance_mean_vs_f_score_pvalue_stats,dfx_feature_importance_mean_vs_f_score_pvalue_pvalue,dfx_feature_importance_mean_vs_random_feature_importance_mean_stats,dfx_feature_importance_mean_vs_random_feature_importance_mean_pvalue,dfx_feature_importance_mean_vs_model_feature_importance_mean_stats,dfx_feature_importance_mean_vs_model_feature_importance_mean_pvalue,dfx_feature_importance_mean_vs_permutation_feature_importance_mean_stats,dfx_feature_importance_mean_vs_permutation_feature_importance_mean_pvalue,dfx_feature_importance_mean_vs_shap_feature_importance_mean_stats,dfx_feature_importance_mean_vs_shap_feature_importance_mean_pvalue
ttest,-12.507701937339101,7.921746710585947e-28,-3.4091819736146336,0.0007671866178292333,-35.98838291843385,2.342828191579354e-97,11.956365031705383,4.975988697626717e-26,16.479924434218084,5.061550805501163e-41,-6.208966927708528,2.4090904053474606e-09
pearson,0.22348728212979407,0.014986587358751767,-0.02047914796646251,0.8257812583973846,-0.03888332052953816,0.6759158247765633,0.28440552247368833,0.0018007430169078888,0.28058038719305706,0.0020874191979017125,0.2777793570706626,0.0023228890180546796
spearman,0.22345868850478096,0.014999809648270216,-0.2229952945671808,0.015215511100049721,-0.039577238979033605,0.6704656130945033,0.21665102330296823,0.01845107144543636,0.1898123024415984,0.03952344667427699,0.2229903695506886,0.01521781800753863
kendalltau,0.1584517667633469,0.011011317210949837,-0.15812011823575878,0.011229691161398754,-0.02651021295089092,0.6703684372851788,0.1564221924406691,0.012080804538829294,0.13245198727772853,0.03487814398919132,0.1577574967405476,0.011311638325660055
