,dfx_feature_importance_vs_random_feature_importance_stats,dfx_feature_importance_vs_random_feature_importance_pvalue,dfx_feature_importance_vs_model_feature_importance_stats,dfx_feature_importance_vs_model_feature_importance_pvalue,dfx_feature_importance_vs_permutation_feature_importance_stats,dfx_feature_importance_vs_permutation_feature_importance_pvalue,dfx_feature_importance_vs_shap_feature_importance_stats,dfx_feature_importance_vs_shap_feature_importance_pvalue
ttest,-16.898904417663196,2.0556382819764332e-42,-7.703262247630707,3.738284458437819e-13,-1.823464064068329,0.06950886978198935,-4.706608991969792,4.312681614090501e-06
pearson,-0.027429334436132165,0.7681142071089297,-0.017390345032160616,0.8517306751211301,0.11096382010644883,0.23160200216186586,0.08664631459467287,0.35084242372871755
spearman,-0.06970663102268287,0.45321843578029886,0.030105971781925957,0.7462207569042478,0.09764151836322738,0.2928530911967738,0.0952339214137716,0.30497343505153374
kendalltau,-0.04795016659423439,0.4413723902589918,0.020889263326558955,0.7376544878805056,0.05949547393990357,0.3442931563330519,0.06556907655281007,0.2930724201714786
