,dfx_feature_importance_vs_random_feature_importance_stats,dfx_feature_importance_vs_random_feature_importance_pvalue,dfx_feature_importance_vs_model_feature_importance_stats,dfx_feature_importance_vs_model_feature_importance_pvalue,dfx_feature_importance_vs_permutation_feature_importance_stats,dfx_feature_importance_vs_permutation_feature_importance_pvalue,dfx_feature_importance_vs_shap_feature_importance_stats,dfx_feature_importance_vs_shap_feature_importance_pvalue
ttest,-14.942427283551135,6.72969167765063e-36,-1.820885852871105,0.06990133757828033,-2.603397320358736,0.009820612264211027,-2.0493063813925354,0.04154747740481143
pearson,0.0827796148484601,0.37283518197547477,0.27735980646604425,0.00236015513742628,0.253400606245993,0.005628512091485212,0.26279091374469243,0.004040760723519786
spearman,0.06924647303510714,0.45621317766278024,0.09656759554334303,0.2982194373410594,0.09940437365412777,0.2841837212414011,0.10055467466689981,0.27862015284494085
kendalltau,0.04099666811531219,0.5103878573959293,0.08237733990933313,0.2489193523925589,0.08610734714673172,0.22805643755671523,0.08654779393520605,0.2256861583395573
