,dfx_feature_importance_vs_random_feature_importance_stats,dfx_feature_importance_vs_random_feature_importance_pvalue,dfx_feature_importance_vs_model_feature_importance_stats,dfx_feature_importance_vs_model_feature_importance_pvalue,dfx_feature_importance_vs_permutation_feature_importance_stats,dfx_feature_importance_vs_permutation_feature_importance_pvalue,dfx_feature_importance_vs_shap_feature_importance_stats,dfx_feature_importance_vs_shap_feature_importance_pvalue
ttest,-12.50608305099637,8.019073681137649e-28,-6.555649043602898,3.5026597435497167e-10,-2.533833985197711,0.011936163857881118,-4.064448583702601,6.57699558926925e-05
pearson,0.0465253186461019,0.6168741693386832,0.02124329382351406,0.8193893166044769,-0.09556687863806956,0.30327796208096586,-0.06252324666768314,0.5011987302962678
spearman,0.013735350724383626,0.8826405029673995,0.04622121925233181,0.6191806855024145,0.016295457202278724,0.8609686506110517,0.02275752883333503,0.8067583312729777
kendalltau,0.003621613791105317,0.9536308447021318,0.03034269680318642,0.6268419006919452,0.010291864159076658,0.8728672325037179,0.0153768188376059,0.8052421609382552
