,dfx_feature_importance_vs_random_feature_importance_stats,dfx_feature_importance_vs_random_feature_importance_pvalue,dfx_feature_importance_vs_model_feature_importance_stats,dfx_feature_importance_vs_model_feature_importance_pvalue,dfx_feature_importance_vs_permutation_feature_importance_stats,dfx_feature_importance_vs_permutation_feature_importance_pvalue,dfx_feature_importance_vs_shap_feature_importance_stats,dfx_feature_importance_vs_shap_feature_importance_pvalue
ttest,-15.374007758120193,2.4455765498008378e-37,-3.12658476360574,0.0019924428875858257,-1.7806848434693823,0.07626127474944952,-3.1287452173906862,0.0019784427452565205
pearson,-0.15780495529959349,0.0878846421873958,0.10024166727554461,0.2801267547684159,0.007091508166221158,0.9392485176381371,0.09828114671022808,0.2896874894049799
spearman,-0.1559460811704082,0.0917364203372024,0.010836020737005559,0.9072882350084337,-0.0021873264748594446,0.9812454252909295,0.009638105401064264,0.9174990853923517
kendalltau,-0.10299869621903521,0.09818331892249625,0.0027544222950627553,0.9647494673052535,-0.007219195330222479,0.9199234042544576,-0.002464483106108781,0.9684580023951682
