,dfx_feature_importance_mean_vs_mutual_info_score_stats,dfx_feature_importance_mean_vs_mutual_info_score_pvalue,dfx_feature_importance_mean_vs_f_score_pvalue_stats,dfx_feature_importance_mean_vs_f_score_pvalue_pvalue,dfx_feature_importance_mean_vs_random_feature_importance_mean_stats,dfx_feature_importance_mean_vs_random_feature_importance_mean_pvalue,dfx_feature_importance_mean_vs_model_feature_importance_mean_stats,dfx_feature_importance_mean_vs_model_feature_importance_mean_pvalue,dfx_feature_importance_mean_vs_permutation_feature_importance_mean_stats,dfx_feature_importance_mean_vs_permutation_feature_importance_mean_pvalue,dfx_feature_importance_mean_vs_shap_feature_importance_mean_stats,dfx_feature_importance_mean_vs_shap_feature_importance_mean_pvalue
ttest,-2.3360243925363933,0.022445793014859636,-3.005156145183492,0.003715013023819202,-23.778763707522554,1.1364877388079008e-34,9.679116664705338,2.035625583168983e-14,9.9500674340276,6.699847606805197e-15,-2.397775605556764,0.019246193634487326
pearson,-0.03534694588572926,0.8402422192350325,-0.12208775036880576,0.4847582720246796,0.2244354167051879,0.19491842727654524,-0.07671047481896233,0.6613935657711613,-0.08751049924435661,0.6171611689915082,-0.0616084598944465,0.7251548650158165
spearman,0.07034150900502746,0.6880294444965045,-0.09301674226505276,0.5950974090142209,0.0876750700280112,0.6164967942764843,-0.008263884045757543,0.9624215882149427,0.21106401651130138,0.22356939901907757,0.08754114455251634,0.6170374307585671
kendalltau,0.06762390100765166,0.5761161515707409,-0.08761611807865254,0.4600904174772308,0.0453781512605042,0.7013945391814214,0.010092518287738553,0.9320887277782844,0.15164076744255045,0.20833015381984732,0.08410431906448794,0.4776153287710161
