,dfx_feature_importance_mean_vs_mutual_info_score_stats,dfx_feature_importance_mean_vs_mutual_info_score_pvalue,dfx_feature_importance_mean_vs_f_score_pvalue_stats,dfx_feature_importance_mean_vs_f_score_pvalue_pvalue
ttest,-1.791915146114071,0.07759549038124001,-2.7844592915589224,0.0069382951552757295
pearson,-0.09277431760431881,0.5960615521768211,0.06521640655649921,0.7097365132541741
spearman,-0.1572301405528465,0.3670395011570481,0.13784408793495773,0.42972610935733435
kendalltau,-0.10502188830903195,0.3831801803719338,0.08424626738331974,0.4775264825154478
