,dfx_feature_importance_vs_random_feature_importance_stats,dfx_feature_importance_vs_random_feature_importance_pvalue,dfx_feature_importance_vs_model_feature_importance_stats,dfx_feature_importance_vs_model_feature_importance_pvalue,dfx_feature_importance_vs_permutation_feature_importance_stats,dfx_feature_importance_vs_permutation_feature_importance_pvalue,dfx_feature_importance_vs_shap_feature_importance_stats,dfx_feature_importance_vs_shap_feature_importance_pvalue
ttest,-6.993396143379795,1.4578983312992918e-09,-0.679800519670609,0.49893854712444385,-0.2875725265816398,0.7745485651952934,-0.7756040938235016,0.4406718825101985
pearson,0.020664977329099984,0.9062038824904743,0.07438700658362432,0.6710654346530068,0.13864604019727714,0.42702116155427733,0.16891195614288504,0.33204728907409076
spearman,0.04649859943977591,0.7908228046090304,-0.0896546913398099,0.6085286205172497,0.11117622715975735,0.5248961164873281,0.23308586865454914,0.17781243615890618
kendalltau,0.04201680672268907,0.7225627705707576,-0.07750656599265417,0.513457454524958,0.08509788599699143,0.5204615693889159,0.14646485401852105,0.2165426395869139
