,dfx_feature_importance_vs_random_feature_importance_stats,dfx_feature_importance_vs_random_feature_importance_pvalue,dfx_feature_importance_vs_model_feature_importance_stats,dfx_feature_importance_vs_model_feature_importance_pvalue,dfx_feature_importance_vs_permutation_feature_importance_stats,dfx_feature_importance_vs_permutation_feature_importance_pvalue,dfx_feature_importance_vs_shap_feature_importance_stats,dfx_feature_importance_vs_shap_feature_importance_pvalue
ttest,-9.32015416694872,8.949042306254164e-14,-2.466472274952823,0.016170878190548556,-1.8712596832242012,0.06561171598741325,-2.262662232967725,0.02685464399775256
pearson,-0.18094125141908846,0.2982453198546407,-0.0874532637840217,0.6173922994924209,-0.023784842880718186,0.8921203349571255,-0.04832135773213876,0.78281548519363
spearman,-0.04229691876750701,0.8093597862948464,-0.14384760872869484,0.4097079176851576,-0.048885693464654226,0.7803407769648312,-0.06709153318504853,0.7017673636669001
kendalltau,-0.031932773109243695,0.7872931892354375,-0.10765352840254457,0.3633589315678788,-0.03901183073828816,0.7554757279409521,-0.06728345525159035,0.569957172496459
