,dfx_feature_importance_vs_random_feature_importance_stats,dfx_feature_importance_vs_random_feature_importance_pvalue,dfx_feature_importance_vs_model_feature_importance_stats,dfx_feature_importance_vs_model_feature_importance_pvalue,dfx_feature_importance_vs_permutation_feature_importance_stats,dfx_feature_importance_vs_permutation_feature_importance_pvalue,dfx_feature_importance_vs_shap_feature_importance_stats,dfx_feature_importance_vs_shap_feature_importance_pvalue
ttest,-9.160154253748646,1.7362110305389973e-13,0.1355520704767308,0.8925758688492743,-0.04845732119648252,0.9614938216721698,0.123373495470117,0.902175281482231
pearson,-0.08529349880340546,0.626140197095323,-0.013721316893221598,0.9376436194306695,-0.007781554685442629,0.964613472934098,-0.011425766440521956,0.9480602442045926
spearman,-0.11680672268907563,0.5039839365540726,0.12161836716662053,0.4864515724681201,0.1280788381980479,0.46341561155811517,0.12161836716662053,0.4864515724681201
kendalltau,-0.0957983193277311,0.4182381669289249,0.10314117215934632,0.43008625691067337,0.09454607447940079,0.4695014982484561,0.09024852563942802,0.4899341579929589
