,dfx_feature_importance_mean_vs_mutual_info_score_stats,dfx_feature_importance_mean_vs_mutual_info_score_pvalue,dfx_feature_importance_mean_vs_f_score_pvalue_stats,dfx_feature_importance_mean_vs_f_score_pvalue_pvalue,dfx_feature_importance_mean_vs_random_feature_importance_mean_stats,dfx_feature_importance_mean_vs_random_feature_importance_mean_pvalue,dfx_feature_importance_mean_vs_model_feature_importance_mean_stats,dfx_feature_importance_mean_vs_model_feature_importance_mean_pvalue,dfx_feature_importance_mean_vs_permutation_feature_importance_mean_stats,dfx_feature_importance_mean_vs_permutation_feature_importance_mean_pvalue,dfx_feature_importance_mean_vs_shap_feature_importance_mean_stats,dfx_feature_importance_mean_vs_shap_feature_importance_mean_pvalue
ttest,-3.358642194260567,0.0011689581210752164,-1.610075802518423,0.11104599009591143,-19.024543656079402,1.4448298873623972e-32,-3.29685621610402,0.0014223868976356517,-2.5740591544645484,0.011763524215335466,-3.4584425152676905,0.0008472594376021743
pearson,-0.10956735558672734,0.47894490133150847,0.24094198606674405,0.11513443433798323,0.11183121354650297,0.4698514293992557,-0.1641017688727801,0.2871349735862919,-0.17156150901501876,0.26548105486696133,-0.1367953366280197,0.3759151556444961
spearman,-0.07195161947633924,0.6425506488988824,0.11939775479934467,0.4401366714314523,0.1558844256518675,0.3122814070285608,-0.09176122371086995,0.5535798262497988,-0.12766583348088004,0.4088906682473339,-0.12073345738487043,0.43500139123445203
kendalltau,-0.04074688763472048,0.7151367830052189,0.0691133561739554,0.5105240396316746,0.10359408033826638,0.3215890508692917,-0.05079367923277257,0.627297414829993,-0.0780380530116218,0.45928716966267435,-0.07013914103797976,0.5040626705473168
