,dfx_feature_importance_mean_vs_mutual_info_score_stats,dfx_feature_importance_mean_vs_mutual_info_score_pvalue,dfx_feature_importance_mean_vs_f_score_pvalue_stats,dfx_feature_importance_mean_vs_f_score_pvalue_pvalue
ttest,-3.358642194260567,0.0011689581210752164,-1.610075802518423,0.11104599009591143
pearson,-0.10956735558672734,0.47894490133150847,0.24094198606674405,0.11513443433798323
spearman,-0.07195161947633924,0.6425506488988824,0.11939775479934467,0.4401366714314523
kendalltau,-0.04074688763472048,0.7151367830052189,0.0691133561739554,0.5105240396316746
