,dfx_feature_importance_vs_random_feature_importance_stats,dfx_feature_importance_vs_random_feature_importance_pvalue,dfx_feature_importance_vs_model_feature_importance_stats,dfx_feature_importance_vs_model_feature_importance_pvalue,dfx_feature_importance_vs_permutation_feature_importance_stats,dfx_feature_importance_vs_permutation_feature_importance_pvalue,dfx_feature_importance_vs_shap_feature_importance_stats,dfx_feature_importance_vs_shap_feature_importance_pvalue
ttest,-12.719345660253271,1.827531460022737e-21,-3.056200076746947,0.0029857604339705098,-2.5323820895188156,0.013145119482439505,-3.655128447504862,0.00044158990907190146
pearson,0.001640255364648971,0.9915689135620309,-0.0017704792044660397,0.9908995761684768,-0.0735598599731923,0.6351165323026249,-0.06025771349364196,0.6976082932530296
spearman,-0.029175475687103592,0.850879183795882,-0.059138649380298496,0.7029640808964616,-0.10334027898093956,0.5044281008748411,-0.007193485522464947,0.9630368107302142
kendalltau,-0.006342494714587738,0.9516096209503428,-0.039215823941025005,0.7081541877627432,-0.05905170662381407,0.5767204518753121,0.007442976818733659,0.9435060746228341
