,dfx_feature_importance_vs_random_feature_importance_stats,dfx_feature_importance_vs_random_feature_importance_pvalue,dfx_feature_importance_vs_model_feature_importance_stats,dfx_feature_importance_vs_model_feature_importance_pvalue,dfx_feature_importance_vs_permutation_feature_importance_stats,dfx_feature_importance_vs_permutation_feature_importance_pvalue,dfx_feature_importance_vs_shap_feature_importance_stats,dfx_feature_importance_vs_shap_feature_importance_pvalue
ttest,-10.109440392791626,2.733150602503866e-16,-1.314147464881725,0.19229102179949192,-1.6229347170470303,0.10826364078007131,-1.7555029558014061,0.08273406989582277
pearson,-0.05886137084465587,0.7042933341384509,-0.2782578568855535,0.06741083794871965,-0.13673966721016453,0.3761113042248337,-0.07351201758018557,0.6353371783022066
spearman,-0.060887949260042276,0.6945983733742183,-0.01657305252804168,0.9149669711959147,-0.013652690849091605,0.9299095759971631,0.007957985575138958,0.9591116409261096
kendalltau,-0.046511627906976744,0.6562998511125286,-0.0034636906149026867,0.9748819164526604,0.0011545635383008956,0.9916260757879506,0.017318453074513435,0.8749057713578132
