,dfx_feature_importance_mean_vs_mutual_info_score_stats,dfx_feature_importance_mean_vs_mutual_info_score_pvalue,dfx_feature_importance_mean_vs_f_score_pvalue_stats,dfx_feature_importance_mean_vs_f_score_pvalue_pvalue,dfx_feature_importance_mean_vs_random_feature_importance_mean_stats,dfx_feature_importance_mean_vs_random_feature_importance_mean_pvalue,dfx_feature_importance_mean_vs_model_feature_importance_mean_stats,dfx_feature_importance_mean_vs_model_feature_importance_mean_pvalue,dfx_feature_importance_mean_vs_permutation_feature_importance_mean_stats,dfx_feature_importance_mean_vs_permutation_feature_importance_mean_pvalue,dfx_feature_importance_mean_vs_shap_feature_importance_mean_stats,dfx_feature_importance_mean_vs_shap_feature_importance_mean_pvalue
ttest,-2.7804076617038436,0.01337063619090338,0.9068452911143695,0.37794392470335214,-3.5937589906769722,0.0024310559092849304,-1.9409993285793747,0.07008519707008465,0.6610497742088621,0.5179866840920322,-0.6064755341251147,0.5527075899909221
pearson,0.7532652259405218,0.019111713900612688,-0.47861241146634703,0.19245180747264154,0.2670089863841063,0.48734249289110926,0.8400633009465939,0.00459008068008566,0.9230399691710789,0.00038593537263489073,0.9336783913165199,0.0002317335563759457
spearman,0.9500000000000001,8.762523965086177e-05,-0.9500000000000001,8.762523965086177e-05,-0.16666666666666669,0.668231040071504,0.9500000000000001,8.762523965086177e-05,0.8333333333333333,0.005265691029161748,0.9500000000000001,8.762523965086177e-05
kendalltau,0.8888888888888888,0.00024250440917107584,-0.8888888888888888,0.00024250440917107584,-0.1111111111111111,0.761414241622575,0.8888888888888888,0.00024250440917107584,0.6666666666666666,0.012665343915343916,0.8888888888888888,0.00024250440917107584
