feature_name,shap_feature_importance,dfx_feature_importance,permutation_feature_importance,model_feature_importance,random_feature_importance
Mg,0.7488370140147489,0.04014520493188115,3.9362500000000002,0.6570992807565629,0.9508683899079184
Ca,0.32151533185829645,0.0013346951721286372,0.43375,0.3504612398905028,0.6091936084803639
Na,0.2849254976415808,-0.0013346951721286396,0.36874999999999997,0.48799710574860966,0.7389831517724254
Si,0.22248024053793655,0.0012063324538475948,0.21874999999999992,0.3994595425565412,0.8803318958352608
Al,0.2024042102275263,0.015680221403035,0.22249999999999998,0.6019847692025356,0.8233633935389512
K,0.11798687488107762,0.001552380607449899,0.31875,0.4375860545878032,0.5281114182180024
Ba,0.08761927779711036,0.0013346951721286378,0.05249999999999995,0.2836780276318348,0.6073735464263859
Fe,0.010877179098758597,0.0015523806074499,-0.016250000000000053,0.13619883047436046,0.9646473837534512
RI,8.67898019401404e-06,-0.0012063324538475813,0.0,0.004029852594891651,0.24422624702916995
