feature_name,shap_feature_importance,dfx_feature_importance,permutation_feature_importance,model_feature_importance,random_feature_importance
Mg,1.1432008119548707,0.0512991027494176,4.2225,1.0031507754517441,0.06595935917912055
Ca,0.3248575130598108,0.0038833322956391848,0.9512499999999999,0.3541043164462969,0.27325300236291905
Na,0.31632668819440246,0.004584035132652179,0.061249999999999936,0.5417784985466452,0.548368784835795
Al,0.22356095385397362,0.017545123245588334,0.08374999999999999,0.6649085464042421,0.6401774889899354
K,0.10857957641696733,0.004013981226485247,0.13125,0.4026965584180889,0.3335173486029427
Ba,0.07777687686487127,0.006612585036966818,-0.06000000000000001,0.25181206212953283,0.8688553705669743
Si,0.0419045189464705,-0.0003641974244727358,0.0012499999999999734,0.07523886134308051,0.3628194846901699
Fe,0.01013720103523434,0.0017318490392028935,-0.011250000000000027,0.12693317934242399,0.22576546872889092
RI,3.9985319405420065e-05,-0.003883332295639186,0.0,0.018566114861587043,0.1099901324807051
