feature_name,shap_feature_importance,dfx_feature_importance,permutation_feature_importance,model_feature_importance,random_feature_importance
Mg,1.1432008119548707,0.021817584098342654,4.1825,1.0031507754517441,0.9621663313239566
Ca,0.3248575130598108,-0.021817584098342644,0.845,0.3541043164462969,0.4796559475198775
Na,0.31632668819440246,0.007693564265874526,-0.007500000000000062,0.5417784985466452,0.8743529618583222
Al,0.22356095385397362,0.016673691899522922,0.15750000000000003,0.6649085464042421,0.4239836236613471
K,0.10857957641696733,0.003943523018250257,0.10124999999999998,0.4026965584180889,0.7307973663242785
Ba,0.07777687686487127,0.005390333126397362,-0.01875000000000009,0.25181206212953283,0.5150114870453019
Si,0.0419045189464705,-0.0001844035555869589,-0.015000000000000036,0.07523886134308051,0.5086823622319208
Fe,0.01013720103523434,0.0005454644455484232,0.006249999999999955,0.12693317934242399,0.9979544257877332
RI,3.9985319405420065e-05,-0.0005451339348506346,0.0,0.018566114861587043,0.49285053318997407
