feature_name,shap_feature_importance,dfx_feature_importance,permutation_feature_importance,model_feature_importance,random_feature_importance
Mg,0.09249961342015997,0.10642361111111114,3.2087500000000007,0.19666206677008832,0.11323350919752262
Al,0.07302482402083989,0.08767361111111112,0.875,0.15876332366283533,0.9140451750089464
Ba,0.05789524304269732,0.0407986111111111,1.02875,0.14760526520455902,0.11786540068734241
Ca,0.04319523724955203,0.1102430555555556,0.4925,0.09681762255325838,0.7664139111176592
K,0.039387859818661906,0.013715277777777845,0.6487499999999999,0.12206606627485118,0.539119622489639
Si,0.0329078928944028,0.030381944444444458,0.39,0.11229780697614455,0.24976522350107433
RI,0.03200558056977883,0.021354166666666678,0.50625,0.11873205887742015,0.37909476586046786
Na,0.019814946248419195,0.02065972222222222,0.18624999999999997,0.04705578968084311,0.3732836989293128
Fe,0.0,0.002604166666666661,0.0,0.0,0.29917799296322967
