feature_name,shap_feature_importance,dfx_feature_importance,permutation_feature_importance,model_feature_importance,random_feature_importance
Mg,0.05419506120257271,0.06998263888888889,0.56125,0.1482878337336272,0.941677009451887
Al,0.04376916155541909,0.05900347222222227,0.18125,0.14758184735642182,0.8813877100036438
Ca,0.042420321771748024,0.041894097222222225,0.06000000000000001,0.16422523055210805,0.8579214743296971
RI,0.03902471660109899,0.04189409722222224,0.41125,0.15105310080304687,0.27582297438842296
Ba,0.022932533797036504,0.022732638888888906,0.01125,0.06493036904082762,0.9474546485070996
Na,0.020486812329111273,-0.0018663194444444493,0.04,0.0966934534501327,0.42776508272137237
Si,0.019604649287414976,0.0018663194444444458,0.042499999999999996,0.09287922328033708,0.8140232505557247
K,0.018863410377120415,0.01704513888888887,0.08625000000000001,0.08238183584324874,0.3051874312433246
Fe,0.011130130877499122,0.0041840277777777535,0.07125000000000001,0.05196710594024997,0.40651478447450995
