feature_name,shap_feature_importance,dfx_feature_importance,permutation_feature_importance,model_feature_importance,random_feature_importance
Mg,0.7488370140147489,0.04397855541287562,3.4887500000000005,0.6570992807565629,0.3945460052866918
Ca,0.32151533185829645,0.0019966557593125143,0.49624999999999997,0.3504612398905028,0.19899192413967726
Na,0.2849254976415808,0.0028286683628059982,0.47124999999999984,0.48799710574860966,0.04025630752504117
Si,0.22248024053793655,-0.0019966557593125074,0.19999999999999996,0.3994595425565412,0.9009978103012334
Al,0.2024042102275263,0.020193838701430617,0.1899999999999999,0.6019847692025356,0.7439239869357162
K,0.11798687488107762,-0.002828668362805995,0.27499999999999997,0.4375860545878032,0.16031250108931072
Ba,0.08761927779711036,0.004302486869185219,0.06374999999999993,0.2836780276318348,0.4792949852324936
Fe,0.010877179098758597,-0.0017435742260754666,0.007499999999999951,0.13619883047436046,0.6652428953567795
RI,8.67898019401404e-06,-0.002323538645120108,0.0,0.004029852594891651,0.18956706885173735
