feature_name,shap_feature_importance,dfx_feature_importance,permutation_feature_importance,model_feature_importance,random_feature_importance
Mg,1.1432008119548707,0.05083627478106547,4.407500000000001,1.0031507754517441,0.6566334459940698
Ca,0.3248575130598108,0.008974979855706751,0.8887499999999999,0.3541043164462969,0.4283414698555572
Na,0.31632668819440246,0.005825627262313272,0.019999999999999973,0.5417784985466452,0.15563040054922994
Al,0.22356095385397362,0.018846134254354524,0.125,0.6649085464042421,0.2260952328942617
K,0.10857957641696733,0.004032607001462192,0.13124999999999995,0.4026965584180889,0.29928495261442434
Ba,0.07777687686487127,0.005240400135055271,-0.032500000000000015,0.25181206212953283,0.18218204033693208
Si,0.0419045189464705,-0.0014442065589124066,0.008749999999999947,0.07523886134308051,0.39535882602862615
Fe,0.01013720103523434,0.0020775925657795847,-0.008750000000000036,0.12693317934242399,0.8115438540986305
RI,3.9985319405420065e-05,-0.0007809136559500134,0.0,0.018566114861587043,0.48741215472601684
