feature_name,shap_feature_importance,dfx_feature_importance,permutation_feature_importance,model_feature_importance,random_feature_importance
Mg,0.05741816916535123,0.06526388888888895,0.8550000000000001,0.16323151040915607,0.6177486915018542
RI,0.04354169427270577,0.026895833333333338,0.42749999999999994,0.16433481446510625,0.03542912703316192
Al,0.03989691332391538,0.04375694444444445,0.1625,0.13937898598667392,0.4882664610258991
Ca,0.0390275399553572,0.05242361111111115,0.16999999999999998,0.14943667278045594,0.3285518012817997
Ba,0.025702854958559857,0.029888888888888885,0.013749999999999998,0.07210825346948077,0.3538927443859283
Na,0.02215645069435138,0.02046875000000001,0.28250000000000003,0.10448078577850299,0.4630569807625853
K,0.01733468955002002,0.02689583333333333,0.12625000000000003,0.07471526760332524,0.615530248435988
Si,0.0155024793054617,0.020468750000000018,0.22749999999999998,0.08760588744182397,0.35574406389810964
Fe,0.010874566980620056,0.009874999999999984,0.03,0.04470782206547497,0.005154411120129265
