,dfx_feature_importance_mean_vs_mutual_info_score_stats,dfx_feature_importance_mean_vs_mutual_info_score_pvalue,dfx_feature_importance_mean_vs_f_score_pvalue_stats,dfx_feature_importance_mean_vs_f_score_pvalue_pvalue
ttest,-2.7804076617038436,0.01337063619090338,0.9068452911143695,0.37794392470335214
pearson,0.7532652259405218,0.019111713900612688,-0.47861241146634703,0.19245180747264154
spearman,0.9500000000000001,8.762523965086177e-05,-0.9500000000000001,8.762523965086177e-05
kendalltau,0.8888888888888888,0.00024250440917107584,-0.8888888888888888,0.00024250440917107584
