,dfx_feature_importance_mean_vs_mutual_info_score_stats,dfx_feature_importance_mean_vs_mutual_info_score_pvalue,dfx_feature_importance_mean_vs_f_score_pvalue_stats,dfx_feature_importance_mean_vs_f_score_pvalue_pvalue,dfx_feature_importance_mean_vs_random_feature_importance_mean_stats,dfx_feature_importance_mean_vs_random_feature_importance_mean_pvalue,dfx_feature_importance_mean_vs_model_feature_importance_mean_stats,dfx_feature_importance_mean_vs_model_feature_importance_mean_pvalue,dfx_feature_importance_mean_vs_permutation_feature_importance_mean_stats,dfx_feature_importance_mean_vs_permutation_feature_importance_mean_pvalue,dfx_feature_importance_mean_vs_shap_feature_importance_mean_stats,dfx_feature_importance_mean_vs_shap_feature_importance_mean_pvalue
ttest,-1.4390657404001255,0.16420876576030685,-1.6224324304636226,0.1189552211915333,-7.876281936432711,7.638932143630413e-08,3.1428816776861552,0.004725902873986365,3.3546337804113127,0.002864923047520118,-2.021240823680624,0.05558751198854073
pearson,0.6023073234359351,0.03821845724878064,-0.2724499621460771,0.3915978883930632,0.3686556099279529,0.23831980944363276,0.38759525390785693,0.21317556275961172,0.6184733251869551,0.03205106958583154,0.6162780149778463,0.032843449523974305
spearman,0.20303185946737046,0.5268142729054073,-0.21678321678321683,0.49855598552418856,0.2937062937062937,0.35414764123292175,0.17482517482517487,0.5868236643627043,0.14685314685314685,0.6487957097846664,0.21678321678321683,0.49855598552418856
kendalltau,0.09869275424396536,0.6682351417952495,-0.1212121212121212,0.6383612539081289,0.1515151515151515,0.5452047007776174,0.2121212121212121,0.38070480349126185,0.0303030303030303,0.9465592891547753,0.1212121212121212,0.6383612539081289
