,dfx_feature_importance_vs_random_feature_importance_stats,dfx_feature_importance_vs_random_feature_importance_pvalue,dfx_feature_importance_vs_model_feature_importance_stats,dfx_feature_importance_vs_model_feature_importance_pvalue,dfx_feature_importance_vs_permutation_feature_importance_stats,dfx_feature_importance_vs_permutation_feature_importance_pvalue,dfx_feature_importance_vs_shap_feature_importance_stats,dfx_feature_importance_vs_shap_feature_importance_pvalue
ttest,-3.992256805761584,0.0006146348296317899,-1.531382577833229,0.13992907103851723,-0.7651078867300646,0.45233744229479966,-1.6989810530438119,0.10342197080603514
pearson,-0.039976355273844924,0.901830014731018,-0.1663738159912027,0.6053039594997823,0.8974146436229635,7.51517848969724e-05,0.7258350699172135,0.007530807901790619
spearman,0.07692307692307693,0.8121826980280591,0.055944055944055944,0.8628980736949712,0.5429080129622185,0.0681500850864122,0.46153846153846156,0.13094806950717278
kendalltau,0.1212121212121212,0.6383612539081289,0.1212121212121212,0.6383612539081289,0.4732962328281559,0.03310854589811872,0.39393939393939387,0.0863171145983646
