,dfx_feature_importance_mean_vs_mutual_info_score_stats,dfx_feature_importance_mean_vs_mutual_info_score_pvalue,dfx_feature_importance_mean_vs_f_score_pvalue_stats,dfx_feature_importance_mean_vs_f_score_pvalue_pvalue
ttest,-0.596944011387833,0.5566388781862248,-0.6334606365316986,0.5329636934677905
pearson,0.9323545359083062,9.950390679727624e-06,-0.5144617415270858,0.0870238718125084
spearman,0.9571501946318892,1.0585796729982746e-06,-0.9580419580419581,9.5435818268384e-07
kendalltau,0.8882347881956881,0.00011472012104656031,-0.8484848484848484,1.6342325370103148e-05
