,dfx_feature_importance_vs_random_feature_importance_stats,dfx_feature_importance_vs_random_feature_importance_pvalue,dfx_feature_importance_vs_model_feature_importance_stats,dfx_feature_importance_vs_model_feature_importance_pvalue,dfx_feature_importance_vs_permutation_feature_importance_stats,dfx_feature_importance_vs_permutation_feature_importance_pvalue,dfx_feature_importance_vs_shap_feature_importance_stats,dfx_feature_importance_vs_shap_feature_importance_pvalue
ttest,-4.373042144178572,0.0002425515571908509,0.1256715771658355,0.9011332844572405,-0.05867272845785697,0.9537424688737958,-0.01628780905763445,0.9871515959185022
pearson,-0.37073064790059496,0.23548301497849505,0.9371305483869096,6.95648590677673e-06,0.9337909042659766,8.959871761110633e-06,0.9572951253736557,1.0410538068433371e-06
spearman,-0.15384615384615385,0.6330906812462618,0.8079570960756624,0.0014754649860683115,0.7937199666293951,0.002056281011389512,0.8079570960756624,0.0014754649860683115
kendalltau,-0.1212121212121212,0.6383612539081289,0.699205898780101,0.0020657274310062947,0.6674238124719145,0.0032758974829085966,0.699205898780101,0.0020657274310062947
