,dfx_feature_importance_mean_vs_mutual_info_score_stats,dfx_feature_importance_mean_vs_mutual_info_score_pvalue,dfx_feature_importance_mean_vs_f_score_pvalue_stats,dfx_feature_importance_mean_vs_f_score_pvalue_pvalue,dfx_feature_importance_mean_vs_random_feature_importance_mean_stats,dfx_feature_importance_mean_vs_random_feature_importance_mean_pvalue,dfx_feature_importance_mean_vs_model_feature_importance_mean_stats,dfx_feature_importance_mean_vs_model_feature_importance_mean_pvalue,dfx_feature_importance_mean_vs_permutation_feature_importance_mean_stats,dfx_feature_importance_mean_vs_permutation_feature_importance_mean_pvalue,dfx_feature_importance_mean_vs_shap_feature_importance_mean_stats,dfx_feature_importance_mean_vs_shap_feature_importance_mean_pvalue
ttest,-6.375404623061925,4.618511452508683e-09,-2.7928335977036594,0.006181755040546215,-21.793098369498082,2.4493536258106026e-41,-6.990783118835585,2.3697788955833136e-10,-3.0925663795588503,0.0025256482147709533,-4.8066210671215375,4.989319998460118e-06
pearson,0.1257357307629012,0.36034894355968333,-0.18143211444450413,0.18495105883673185,0.09559852913006979,0.48750292520824573,0.134334038190596,0.3281700818194314,0.23072179878933324,0.09012729575306541,0.19981198349199086,0.1435758029953273
spearman,0.075726083203529,0.5826689727292345,-0.08496437303433857,0.5373953271692196,0.06940836940836942,0.614590936263949,0.10692640692640694,0.4371558803885288,0.04258390750048799,0.7575520551958577,0.08593693651059973,0.5327310293892458
kendalltau,0.05864201581268057,0.5404566579886723,-0.06675663521862345,0.472274718847253,0.053198653198653204,0.5663037170559486,0.08686868686868687,0.34902575986617534,0.029054219858831505,0.7548145106030041,0.06740819084493369,0.46782396013386374
