,dfx_feature_importance_vs_random_feature_importance_stats,dfx_feature_importance_vs_random_feature_importance_pvalue,dfx_feature_importance_vs_model_feature_importance_stats,dfx_feature_importance_vs_model_feature_importance_pvalue,dfx_feature_importance_vs_permutation_feature_importance_stats,dfx_feature_importance_vs_permutation_feature_importance_pvalue,dfx_feature_importance_vs_shap_feature_importance_stats,dfx_feature_importance_vs_shap_feature_importance_pvalue
ttest,-12.988980449078351,8.402435848738041e-24,-6.058867239155639,2.0376294355608983e-08,-3.4207695378089067,0.0008824706974166569,-4.252750522060807,4.505402653664806e-05
pearson,-0.08554954432102736,0.5345865288949067,0.13552255068900232,0.32386920773445166,-0.0038968532655612904,0.9774738196287185,0.00016450479159383843,0.9990489397919993
spearman,-0.14545454545454548,0.289330905161594,0.1466195255999485,0.2854439526648845,0.09900497112938965,0.47205123635397417,0.1023883399735861,0.4569675705322076
kendalltau,-0.10033670033670035,0.2793985333708916,0.10111228626740053,0.27613790529096505,0.05782613985380366,0.5365928211146229,0.06471186321113633,0.4858133120423265
