,dfx_feature_importance_vs_random_feature_importance_stats,dfx_feature_importance_vs_random_feature_importance_pvalue,dfx_feature_importance_vs_model_feature_importance_stats,dfx_feature_importance_vs_model_feature_importance_pvalue,dfx_feature_importance_vs_permutation_feature_importance_stats,dfx_feature_importance_vs_permutation_feature_importance_pvalue,dfx_feature_importance_vs_shap_feature_importance_stats,dfx_feature_importance_vs_shap_feature_importance_pvalue
ttest,-10.168759112132912,1.9243619767230096e-17,-5.305917249003616,6.024240934574732e-07,-3.4904151394189347,0.0006994655626852675,-4.351506806007764,3.080058957675581e-05
pearson,-0.01040341013734352,0.9399094916213766,0.13395618649989777,0.3295449189185254,-0.048189174259022,0.7268078410799602,0.015290307598040877,0.9117766881075414
spearman,-0.03730158730158731,0.7868709687632325,0.07973445946333685,0.5628138545800297,-0.10803495882005763,0.4323904009889219,-0.027282571246075353,0.8432623018712032
kendalltau,-0.016835016835016838,0.8559841572419721,0.05261390280356295,0.5711703560282158,-0.0833348825536109,0.37155347512698567,-0.016891988290018315,0.8559215597687728
