,dfx_feature_importance_vs_random_feature_importance_stats,dfx_feature_importance_vs_random_feature_importance_pvalue,dfx_feature_importance_vs_model_feature_importance_stats,dfx_feature_importance_vs_model_feature_importance_pvalue,dfx_feature_importance_vs_permutation_feature_importance_stats,dfx_feature_importance_vs_permutation_feature_importance_pvalue,dfx_feature_importance_vs_shap_feature_importance_stats,dfx_feature_importance_vs_shap_feature_importance_pvalue
ttest,-12.882841712322827,1.444284155568379e-23,-2.696472995575172,0.00813120533019163,-2.4745504960802918,0.014896071714938758,-2.2627606568236076,0.025650772831479547
pearson,0.14689306371592958,0.28453628853715285,-0.020440160559604598,0.8822465749780183,0.20074486975351669,0.14167695657391802,0.23775539151790226,0.08048107769663518
spearman,0.09033189033189035,0.511904650084809,-0.08817334345306604,0.522081544939635,-0.02695605943179898,0.8451148970915076,-0.04156638974713718,0.7631747938940522
kendalltau,0.07070707070707072,0.44590978959830097,-0.07234485860869382,0.4486625963903792,-0.03863074974250641,0.6857946773128283,-0.047059276959053264,0.6221270183815664
