,dfx_feature_importance_vs_random_feature_importance_stats,dfx_feature_importance_vs_random_feature_importance_pvalue,dfx_feature_importance_vs_model_feature_importance_stats,dfx_feature_importance_vs_model_feature_importance_pvalue,dfx_feature_importance_vs_permutation_feature_importance_stats,dfx_feature_importance_vs_permutation_feature_importance_pvalue,dfx_feature_importance_vs_shap_feature_importance_stats,dfx_feature_importance_vs_shap_feature_importance_pvalue
ttest,-8.957069276414122,1.0865127649207678e-14,-2.7415966835975754,0.007157707409121338,1.0868599868598423,0.2795184557564699,-1.6022104559118422,0.11202997004707546
pearson,-0.2468682236167724,0.06921587053578153,0.16765392049244995,0.2211491189256847,0.09468761245020574,0.49167932992283586,0.26420786962448245,0.05127126162075404
spearman,-0.17712842712842716,0.19576751412573545,0.07492920147686252,0.5866537538028429,0.07060936487194854,0.6084652096083665,0.13428097300270875,0.32836294438633606
kendalltau,-0.11784511784511786,0.20393523544789016,0.06197373204338249,0.5042004357078798,0.05446299727299493,0.6073833516957781,0.10246045008429919,0.26978547336399095
